Record Length,2.500000e+03,,   0.001358400000,  -1.04000,
Sample Interval,2.000000e-08,,   0.001358420000,  -1.04000,
Trigger Point,-6.792000000000e+04,,   0.001358440000,  -1.04000,
,,,   0.001358460000,  -1.08000,
,,,   0.001358480000,  -1.08000,
,,,   0.001358500000,  -1.00000,
Source,CH1,,   0.001358520000,  -1.04000,
Vertical Units,V,,   0.001358540000,  -1.08000,
Vertical Scale,1.000000e+00,,   0.001358560000,  -1.04000,
Vertical Offset,4.000000e-02,,   0.001358580000,  -1.04000,
Horizontal Units,s,,   0.001358600000,  -1.00000,
Horizontal Scale,5.000000e-06,,   0.001358620000,  -1.04000,
Pt Fmt,Y,,   0.001358640000,  -1.04000,
Yzero,0.000000e+00,,   0.001358660000,  -1.00000,
Probe Atten,1.000000e+01,,   0.001358680000,  -1.08000,
Model Number,TDS1002B,,   0.001358700000,  -0.96000,
Serial Number,C010776,,   0.001358720000,  -1.00000,
Firmware Version,FV:v21.20,,   0.001358740000,  -1.04000,
,,,0.001358760000,  -1.04000,
,,,0.001358780000,  -1.00000,
,,,0.001358800000,  -1.04000,
,,,0.001358820000,  -1.00000,
,,,0.001358840000,  -1.00000,
,,,0.001358860000,  -1.00000,
,,,0.001358880000,  -1.00000,
,,,0.001358900000,  -1.00000,
,,,0.001358920000,  -1.00000,
,,,0.001358940000,  -1.00000,
,,,0.001358960000,  -1.00000,
,,,0.001358980000,  -0.96000,
,,,0.001359000000,  -1.00000,
,,,0.001359020000,  -0.96000,
,,,0.001359040000,  -0.96000,
,,,0.001359060000,  -0.96000,
,,,0.001359080000,  -0.92000,
,,,0.001359100000,  -1.00000,
,,,0.001359120000,  -0.96000,
,,,0.001359140000,  -0.92000,
,,,0.001359160000,  -0.88000,
,,,0.001359180000,  -0.96000,
,,,0.001359200000,  -0.96000,
,,,0.001359220000,  -0.96000,
,,,0.001359240000,  -0.92000,
,,,0.001359260000,  -0.84000,
,,,0.001359280000,  -0.92000,
,,,0.001359300000,  -0.92000,
,,,0.001359320000,  -0.88000,
,,,0.001359340000,  -0.88000,
,,,0.001359360000,  -0.88000,
,,,0.001359380000,  -0.92000,
,,,0.001359400000,  -0.92000,
,,,0.001359420000,  -0.88000,
,,,0.001359440000,  -0.92000,
,,,0.001359460000,  -0.88000,
,,,0.001359480000,  -0.92000,
,,,0.001359500000,  -0.88000,
,,,0.001359520000,  -0.84000,
,,,0.001359540000,  -0.88000,
,,,0.001359560000,  -0.84000,
,,,0.001359580000,  -0.88000,
,,,0.001359600000,  -0.88000,
,,,0.001359620000,  -0.84000,
,,,0.001359640000,  -0.84000,
,,,0.001359660000,  -0.84000,
,,,0.001359680000,  -0.80000,
,,,0.001359700000,  -0.80000,
,,,0.001359720000,  -0.84000,
,,,0.001359740000,  -0.80000,
,,,0.001359760000,  -0.80000,
,,,0.001359780000,  -0.80000,
,,,0.001359800000,  -0.84000,
,,,0.001359820000,  -0.76000,
,,,0.001359840000,  -0.76000,
,,,0.001359860000,  -0.80000,
,,,0.001359880000,  -0.76000,
,,,0.001359900000,  -0.80000,
,,,0.001359920000,  -0.80000,
,,,0.001359940000,  -0.80000,
,,,0.001359960000,  -0.76000,
,,,0.001359980000,  -0.72000,
,,,0.001360000000,  -0.76000,
,,,0.001360020000,  -0.72000,
,,,0.001360040000,  -0.72000,
,,,0.001360060000,  -0.68000,
,,,0.001360080000,  -0.72000,
,,,0.001360100000,  -0.72000,
,,,0.001360120000,  -0.68000,
,,,0.001360140000,  -0.68000,
,,,0.001360160000,  -0.72000,
,,,0.001360180000,  -0.68000,
,,,0.001360200000,  -0.68000,
,,,0.001360220000,  -0.72000,
,,,0.001360240000,  -0.72000,
,,,0.001360260000,  -0.64000,
,,,0.001360280000,  -0.68000,
,,,0.001360300000,  -0.64000,
,,,0.001360320000,  -0.68000,
,,,0.001360340000,  -0.60000,
,,,0.001360360000,  -0.68000,
,,,0.001360380000,  -0.64000,
,,,0.001360400000,  -0.60000,
,,,0.001360420000,  -0.60000,
,,,0.001360440000,  -0.64000,
,,,0.001360460000,  -0.60000,
,,,0.001360480000,  -0.64000,
,,,0.001360500000,  -0.52000,
,,,0.001360520000,  -0.60000,
,,,0.001360540000,  -0.60000,
,,,0.001360560000,  -0.60000,
,,,0.001360580000,  -0.52000,
,,,0.001360600000,  -0.56000,
,,,0.001360620000,  -0.56000,
,,,0.001360640000,  -0.56000,
,,,0.001360660000,  -0.56000,
,,,0.001360680000,  -0.56000,
,,,0.001360700000,  -0.52000,
,,,0.001360720000,  -0.48000,
,,,0.001360740000,  -0.52000,
,,,0.001360760000,  -0.48000,
,,,0.001360780000,  -0.44000,
,,,0.001360800000,  -0.48000,
,,,0.001360820000,  -0.44000,
,,,0.001360840000,  -0.48000,
,,,0.001360860000,  -0.44000,
,,,0.001360880000,  -0.44000,
,,,0.001360900000,  -0.44000,
,,,0.001360920000,  -0.48000,
,,,0.001360940000,  -0.44000,
,,,0.001360960000,  -0.40000,
,,,0.001360980000,  -0.44000,
,,,0.001361000000,  -0.44000,
,,,0.001361020000,  -0.40000,
,,,0.001361040000,  -0.44000,
,,,0.001361060000,  -0.40000,
,,,0.001361080000,  -0.44000,
,,,0.001361100000,  -0.44000,
,,,0.001361120000,  -0.36000,
,,,0.001361140000,  -0.36000,
,,,0.001361160000,  -0.32000,
,,,0.001361180000,  -0.28000,
,,,0.001361200000,  -0.40000,
,,,0.001361220000,  -0.36000,
,,,0.001361240000,  -0.36000,
,,,0.001361260000,  -0.28000,
,,,0.001361280000,  -0.36000,
,,,0.001361300000,  -0.24000,
,,,0.001361320000,  -0.32000,
,,,0.001361340000,  -0.32000,
,,,0.001361360000,  -0.32000,
,,,0.001361380000,  -0.28000,
,,,0.001361400000,  -0.24000,
,,,0.001361420000,  -0.24000,
,,,0.001361440000,  -0.24000,
,,,0.001361460000,  -0.20000,
,,,0.001361480000,  -0.20000,
,,,0.001361500000,  -0.28000,
,,,0.001361520000,  -0.24000,
,,,0.001361540000,  -0.24000,
,,,0.001361560000,  -0.24000,
,,,0.001361580000,  -0.16000,
,,,0.001361600000,  -0.20000,
,,,0.001361620000,  -0.20000,
,,,0.001361640000,  -0.20000,
,,,0.001361660000,  -0.12000,
,,,0.001361680000,  -0.16000,
,,,0.001361700000,  -0.16000,
,,,0.001361720000,  -0.16000,
,,,0.001361740000,  -0.20000,
,,,0.001361760000,  -0.16000,
,,,0.001361780000,  -0.12000,
,,,0.001361800000,  -0.12000,
,,,0.001361820000,  -0.12000,
,,,0.001361840000,  -0.12000,
,,,0.001361860000,  -0.04000,
,,,0.001361880000,  -0.12000,
,,,0.001361900000,  -0.08000,
,,,0.001361920000,  -0.08000,
,,,0.001361940000,  -0.08000,
,,,0.001361960000,  -0.08000,
,,,0.001361980000,  -0.04000,
,,,0.001362000000,  -0.04000,
,,,0.001362020000,  -0.08000,
,,,0.001362040000,  -0.04000,
,,,0.001362060000,  -0.04000,
,,,0.001362080000,  -0.04000,
,,,0.001362100000,  -0.04000,
,,,0.001362120000,   0.00000,
,,,0.001362140000,   0.04000,
,,,0.001362160000,   0.00000,
,,,0.001362180000,   0.00000,
,,,0.001362200000,   0.00000,
,,,0.001362220000,  -0.04000,
,,,0.001362240000,   0.00000,
,,,0.001362260000,   0.04000,
,,,0.001362280000,   0.08000,
,,,0.001362300000,   0.08000,
,,,0.001362320000,   0.08000,
,,,0.001362340000,   0.08000,
,,,0.001362360000,   0.04000,
,,,0.001362380000,   0.12000,
,,,0.001362400000,   0.12000,
,,,0.001362420000,   0.12000,
,,,0.001362440000,   0.12000,
,,,0.001362460000,   0.08000,
,,,0.001362480000,   0.16000,
,,,0.001362500000,   0.16000,
,,,0.001362520000,   0.16000,
,,,0.001362540000,   0.12000,
,,,0.001362560000,   0.20000,
,,,0.001362580000,   0.16000,
,,,0.001362600000,   0.16000,
,,,0.001362620000,   0.20000,
,,,0.001362640000,   0.20000,
,,,0.001362660000,   0.20000,
,,,0.001362680000,   0.24000,
,,,0.001362700000,   0.20000,
,,,0.001362720000,   0.20000,
,,,0.001362740000,   0.20000,
,,,0.001362760000,   0.24000,
,,,0.001362780000,   0.24000,
,,,0.001362800000,   0.28000,
,,,0.001362820000,   0.24000,
,,,0.001362840000,   0.28000,
,,,0.001362860000,   0.32000,
,,,0.001362880000,   0.32000,
,,,0.001362900000,   0.32000,
,,,0.001362920000,   0.28000,
,,,0.001362940000,   0.32000,
,,,0.001362960000,   0.28000,
,,,0.001362980000,   0.32000,
,,,0.001363000000,   0.32000,
,,,0.001363020000,   0.32000,
,,,0.001363040000,   0.36000,
,,,0.001363060000,   0.32000,
,,,0.001363080000,   0.32000,
,,,0.001363100000,   0.40000,
,,,0.001363120000,   0.36000,
,,,0.001363140000,   0.36000,
,,,0.001363160000,   0.36000,
,,,0.001363180000,   0.32000,
,,,0.001363200000,   0.36000,
,,,0.001363220000,   0.40000,
,,,0.001363240000,   0.36000,
,,,0.001363260000,   0.44000,
,,,0.001363280000,   0.44000,
,,,0.001363300000,   0.44000,
,,,0.001363320000,   0.44000,
,,,0.001363340000,   0.44000,
,,,0.001363360000,   0.44000,
,,,0.001363380000,   0.48000,
,,,0.001363400000,   0.48000,
,,,0.001363420000,   0.44000,
,,,0.001363440000,   0.48000,
,,,0.001363460000,   0.52000,
,,,0.001363480000,   0.52000,
,,,0.001363500000,   0.48000,
,,,0.001363520000,   0.52000,
,,,0.001363540000,   0.48000,
,,,0.001363560000,   0.52000,
,,,0.001363580000,   0.52000,
,,,0.001363600000,   0.48000,
,,,0.001363620000,   0.52000,
,,,0.001363640000,   0.60000,
,,,0.001363660000,   0.56000,
,,,0.001363680000,   0.48000,
,,,0.001363700000,   0.56000,
,,,0.001363720000,   0.56000,
,,,0.001363740000,   0.56000,
,,,0.001363760000,   0.56000,
,,,0.001363780000,   0.60000,
,,,0.001363800000,   0.56000,
,,,0.001363820000,   0.56000,
,,,0.001363840000,   0.56000,
,,,0.001363860000,   0.56000,
,,,0.001363880000,   0.60000,
,,,0.001363900000,   0.60000,
,,,0.001363920000,   0.64000,
,,,0.001363940000,   0.60000,
,,,0.001363960000,   0.64000,
,,,0.001363980000,   0.64000,
,,,0.001364000000,   0.64000,
,,,0.001364020000,   0.64000,
,,,0.001364040000,   0.64000,
,,,0.001364060000,   0.68000,
,,,0.001364080000,   0.68000,
,,,0.001364100000,   0.64000,
,,,0.001364120000,   0.68000,
,,,0.001364140000,   0.68000,
,,,0.001364160000,   0.72000,
,,,0.001364180000,   0.68000,
,,,0.001364200000,   0.64000,
,,,0.001364220000,   0.72000,
,,,0.001364240000,   0.72000,
,,,0.001364260000,   0.68000,
,,,0.001364280000,   0.76000,
,,,0.001364300000,   0.76000,
,,,0.001364320000,   0.68000,
,,,0.001364340000,   0.72000,
,,,0.001364360000,   0.72000,
,,,0.001364380000,   0.76000,
,,,0.001364400000,   0.76000,
,,,0.001364420000,   0.76000,
,,,0.001364440000,   0.72000,
,,,0.001364460000,   0.76000,
,,,0.001364480000,   0.76000,
,,,0.001364500000,   0.76000,
,,,0.001364520000,   0.80000,
,,,0.001364540000,   0.80000,
,,,0.001364560000,   0.76000,
,,,0.001364580000,   0.80000,
,,,0.001364600000,   0.80000,
,,,0.001364620000,   0.76000,
,,,0.001364640000,   0.84000,
,,,0.001364660000,   0.76000,
,,,0.001364680000,   0.84000,
,,,0.001364700000,   0.80000,
,,,0.001364720000,   0.84000,
,,,0.001364740000,   0.80000,
,,,0.001364760000,   0.80000,
,,,0.001364780000,   0.84000,
,,,0.001364800000,   0.84000,
,,,0.001364820000,   0.84000,
,,,0.001364840000,   0.84000,
,,,0.001364860000,   0.88000,
,,,0.001364880000,   0.84000,
,,,0.001364900000,   0.88000,
,,,0.001364920000,   0.88000,
,,,0.001364940000,   0.88000,
,,,0.001364960000,   0.88000,
,,,0.001364980000,   0.88000,
,,,0.001365000000,   0.84000,
,,,0.001365020000,   0.88000,
,,,0.001365040000,   0.84000,
,,,0.001365060000,   0.88000,
,,,0.001365080000,   0.92000,
,,,0.001365100000,   0.88000,
,,,0.001365120000,   0.88000,
,,,0.001365140000,   0.88000,
,,,0.001365160000,   0.88000,
,,,0.001365180000,   0.84000,
,,,0.001365200000,   0.92000,
,,,0.001365220000,   0.88000,
,,,0.001365240000,   0.92000,
,,,0.001365260000,   0.92000,
,,,0.001365280000,   0.92000,
,,,0.001365300000,   0.92000,
,,,0.001365320000,   0.88000,
,,,0.001365340000,   0.92000,
,,,0.001365360000,   0.92000,
,,,0.001365380000,   0.92000,
,,,0.001365400000,   0.96000,
,,,0.001365420000,   0.96000,
,,,0.001365440000,   1.00000,
,,,0.001365460000,   0.96000,
,,,0.001365480000,   0.92000,
,,,0.001365500000,   0.96000,
,,,0.001365520000,   0.92000,
,,,0.001365540000,   0.96000,
,,,0.001365560000,   0.92000,
,,,0.001365580000,   0.92000,
,,,0.001365600000,   0.92000,
,,,0.001365620000,   1.00000,
,,,0.001365640000,   0.96000,
,,,0.001365660000,   1.00000,
,,,0.001365680000,   1.00000,
,,,0.001365700000,   1.00000,
,,,0.001365720000,   0.96000,
,,,0.001365740000,   1.00000,
,,,0.001365760000,   1.00000,
,,,0.001365780000,   0.96000,
,,,0.001365800000,   0.96000,
,,,0.001365820000,   1.00000,
,,,0.001365840000,   0.96000,
,,,0.001365860000,   1.00000,
,,,0.001365880000,   0.92000,
,,,0.001365900000,   0.96000,
,,,0.001365920000,   0.96000,
,,,0.001365940000,   1.00000,
,,,0.001365960000,   1.04000,
,,,0.001365980000,   1.00000,
,,,0.001366000000,   1.00000,
,,,0.001366020000,   1.00000,
,,,0.001366040000,   1.00000,
,,,0.001366060000,   1.00000,
,,,0.001366080000,   1.00000,
,,,0.001366100000,   1.00000,
,,,0.001366120000,   1.00000,
,,,0.001366140000,   1.04000,
,,,0.001366160000,   1.04000,
,,,0.001366180000,   1.00000,
,,,0.001366200000,   1.00000,
,,,0.001366220000,   1.00000,
,,,0.001366240000,   1.00000,
,,,0.001366260000,   1.04000,
,,,0.001366280000,   1.00000,
,,,0.001366300000,   1.04000,
,,,0.001366320000,   1.00000,
,,,0.001366340000,   1.04000,
,,,0.001366360000,   1.04000,
,,,0.001366380000,   1.04000,
,,,0.001366400000,   1.00000,
,,,0.001366420000,   0.96000,
,,,0.001366440000,   1.00000,
,,,0.001366460000,   1.00000,
,,,0.001366480000,   1.00000,
,,,0.001366500000,   1.04000,
,,,0.001366520000,   1.04000,
,,,0.001366540000,   1.00000,
,,,0.001366560000,   1.00000,
,,,0.001366580000,   0.96000,
,,,0.001366600000,   0.96000,
,,,0.001366620000,   1.00000,
,,,0.001366640000,   1.00000,
,,,0.001366660000,   0.96000,
,,,0.001366680000,   0.96000,
,,,0.001366700000,   1.00000,
,,,0.001366720000,   1.04000,
,,,0.001366740000,   1.00000,
,,,0.001366760000,   0.96000,
,,,0.001366780000,   0.96000,
,,,0.001366800000,   0.96000,
,,,0.001366820000,   0.96000,
,,,0.001366840000,   0.96000,
,,,0.001366860000,   0.96000,
,,,0.001366880000,   0.96000,
,,,0.001366900000,   0.96000,
,,,0.001366920000,   0.96000,
,,,0.001366940000,   0.92000,
,,,0.001366960000,   1.00000,
,,,0.001366980000,   0.92000,
,,,0.001367000000,   1.00000,
,,,0.001367020000,   0.96000,
,,,0.001367040000,   0.96000,
,,,0.001367060000,   1.00000,
,,,0.001367080000,   1.00000,
,,,0.001367100000,   0.92000,
,,,0.001367120000,   0.92000,
,,,0.001367140000,   0.92000,
,,,0.001367160000,   0.92000,
,,,0.001367180000,   0.92000,
,,,0.001367200000,   0.92000,
,,,0.001367220000,   0.96000,
,,,0.001367240000,   0.92000,
,,,0.001367260000,   0.96000,
,,,0.001367280000,   0.96000,
,,,0.001367300000,   0.88000,
,,,0.001367320000,   0.88000,
,,,0.001367340000,   0.88000,
,,,0.001367360000,   0.92000,
,,,0.001367380000,   0.92000,
,,,0.001367400000,   0.92000,
,,,0.001367420000,   0.92000,
,,,0.001367440000,   0.92000,
,,,0.001367460000,   0.88000,
,,,0.001367480000,   0.88000,
,,,0.001367500000,   0.88000,
,,,0.001367520000,   0.92000,
,,,0.001367540000,   0.84000,
,,,0.001367560000,   0.88000,
,,,0.001367580000,   0.84000,
,,,0.001367600000,   0.92000,
,,,0.001367620000,   0.84000,
,,,0.001367640000,   0.84000,
,,,0.001367660000,   0.88000,
,,,0.001367680000,   0.88000,
,,,0.001367700000,   0.84000,
,,,0.001367720000,   0.88000,
,,,0.001367740000,   0.84000,
,,,0.001367760000,   0.84000,
,,,0.001367780000,   0.84000,
,,,0.001367800000,   0.84000,
,,,0.001367820000,   0.84000,
,,,0.001367840000,   0.80000,
,,,0.001367860000,   0.84000,
,,,0.001367880000,   0.80000,
,,,0.001367900000,   0.80000,
,,,0.001367920000,   0.84000,
,,,0.001367940000,   0.80000,
,,,0.001367960000,   0.84000,
,,,0.001367980000,   0.84000,
,,,0.001368000000,   0.80000,
,,,0.001368020000,   0.76000,
,,,0.001368040000,   0.80000,
,,,0.001368060000,   0.76000,
,,,0.001368080000,   0.76000,
,,,0.001368100000,   0.76000,
,,,0.001368120000,   0.72000,
,,,0.001368140000,   0.76000,
,,,0.001368160000,   0.76000,
,,,0.001368180000,   0.80000,
,,,0.001368200000,   0.72000,
,,,0.001368220000,   0.76000,
,,,0.001368240000,   0.76000,
,,,0.001368260000,   0.76000,
,,,0.001368280000,   0.72000,
,,,0.001368300000,   0.72000,
,,,0.001368320000,   0.72000,
,,,0.001368340000,   0.72000,
,,,0.001368360000,   0.68000,
,,,0.001368380000,   0.72000,
,,,0.001368400000,   0.68000,
,,,0.001368420000,   0.72000,
,,,0.001368440000,   0.68000,
,,,0.001368460000,   0.68000,
,,,0.001368480000,   0.64000,
,,,0.001368500000,   0.72000,
,,,0.001368520000,   0.64000,
,,,0.001368540000,   0.64000,
,,,0.001368560000,   0.64000,
,,,0.001368580000,   0.68000,
,,,0.001368600000,   0.68000,
,,,0.001368620000,   0.60000,
,,,0.001368640000,   0.64000,
,,,0.001368660000,   0.60000,
,,,0.001368680000,   0.64000,
,,,0.001368700000,   0.64000,
,,,0.001368720000,   0.60000,
,,,0.001368740000,   0.64000,
,,,0.001368760000,   0.60000,
,,,0.001368780000,   0.56000,
,,,0.001368800000,   0.56000,
,,,0.001368820000,   0.56000,
,,,0.001368840000,   0.56000,
,,,0.001368860000,   0.60000,
,,,0.001368880000,   0.52000,
,,,0.001368900000,   0.60000,
,,,0.001368920000,   0.56000,
,,,0.001368940000,   0.52000,
,,,0.001368960000,   0.52000,
,,,0.001368980000,   0.56000,
,,,0.001369000000,   0.52000,
,,,0.001369020000,   0.52000,
,,,0.001369040000,   0.56000,
,,,0.001369060000,   0.52000,
,,,0.001369080000,   0.48000,
,,,0.001369100000,   0.44000,
,,,0.001369120000,   0.44000,
,,,0.001369140000,   0.48000,
,,,0.001369160000,   0.48000,
,,,0.001369180000,   0.48000,
,,,0.001369200000,   0.48000,
,,,0.001369220000,   0.48000,
,,,0.001369240000,   0.44000,
,,,0.001369260000,   0.44000,
,,,0.001369280000,   0.40000,
,,,0.001369300000,   0.40000,
,,,0.001369320000,   0.44000,
,,,0.001369340000,   0.44000,
,,,0.001369360000,   0.40000,
,,,0.001369380000,   0.40000,
,,,0.001369400000,   0.40000,
,,,0.001369420000,   0.40000,
,,,0.001369440000,   0.32000,
,,,0.001369460000,   0.40000,
,,,0.001369480000,   0.40000,
,,,0.001369500000,   0.36000,
,,,0.001369520000,   0.36000,
,,,0.001369540000,   0.36000,
,,,0.001369560000,   0.32000,
,,,0.001369580000,   0.36000,
,,,0.001369600000,   0.32000,
,,,0.001369620000,   0.28000,
,,,0.001369640000,   0.32000,
,,,0.001369660000,   0.28000,
,,,0.001369680000,   0.28000,
,,,0.001369700000,   0.28000,
,,,0.001369720000,   0.32000,
,,,0.001369740000,   0.24000,
,,,0.001369760000,   0.24000,
,,,0.001369780000,   0.24000,
,,,0.001369800000,   0.24000,
,,,0.001369820000,   0.28000,
,,,0.001369840000,   0.20000,
,,,0.001369860000,   0.24000,
,,,0.001369880000,   0.24000,
,,,0.001369900000,   0.20000,
,,,0.001369920000,   0.24000,
,,,0.001369940000,   0.20000,
,,,0.001369960000,   0.20000,
,,,0.001369980000,   0.20000,
,,,0.001370000000,   0.16000,
,,,0.001370020000,   0.16000,
,,,0.001370040000,   0.16000,
,,,0.001370060000,   0.12000,
,,,0.001370080000,   0.12000,
,,,0.001370100000,   0.12000,
,,,0.001370120000,   0.12000,
,,,0.001370140000,   0.12000,
,,,0.001370160000,   0.16000,
,,,0.001370180000,   0.12000,
,,,0.001370200000,   0.08000,
,,,0.001370220000,   0.08000,
,,,0.001370240000,   0.08000,
,,,0.001370260000,   0.08000,
,,,0.001370280000,   0.04000,
,,,0.001370300000,   0.04000,
,,,0.001370320000,   0.04000,
,,,0.001370340000,   0.08000,
,,,0.001370360000,   0.04000,
,,,0.001370380000,   0.00000,
,,,0.001370400000,   0.08000,
,,,0.001370420000,   0.00000,
,,,0.001370440000,   0.00000,
,,,0.001370460000,   0.00000,
,,,0.001370480000,   0.00000,
,,,0.001370500000,   0.00000,
,,,0.001370520000,  -0.04000,
,,,0.001370540000,  -0.04000,
,,,0.001370560000,  -0.04000,
,,,0.001370580000,  -0.04000,
,,,0.001370600000,  -0.04000,
,,,0.001370620000,  -0.04000,
,,,0.001370640000,  -0.08000,
,,,0.001370660000,  -0.04000,
,,,0.001370680000,  -0.12000,
,,,0.001370700000,  -0.08000,
,,,0.001370720000,  -0.12000,
,,,0.001370740000,  -0.12000,
,,,0.001370760000,  -0.12000,
,,,0.001370780000,  -0.16000,
,,,0.001370800000,  -0.08000,
,,,0.001370820000,  -0.20000,
,,,0.001370840000,  -0.16000,
,,,0.001370860000,  -0.16000,
,,,0.001370880000,  -0.16000,
,,,0.001370900000,  -0.16000,
,,,0.001370920000,  -0.20000,
,,,0.001370940000,  -0.16000,
,,,0.001370960000,  -0.16000,
,,,0.001370980000,  -0.28000,
,,,0.001371000000,  -0.24000,
,,,0.001371020000,  -0.16000,
,,,0.001371040000,  -0.20000,
,,,0.001371060000,  -0.20000,
,,,0.001371080000,  -0.20000,
,,,0.001371100000,  -0.24000,
,,,0.001371120000,  -0.24000,
,,,0.001371140000,  -0.24000,
,,,0.001371160000,  -0.32000,
,,,0.001371180000,  -0.32000,
,,,0.001371200000,  -0.28000,
,,,0.001371220000,  -0.24000,
,,,0.001371240000,  -0.36000,
,,,0.001371260000,  -0.32000,
,,,0.001371280000,  -0.28000,
,,,0.001371300000,  -0.32000,
,,,0.001371320000,  -0.36000,
,,,0.001371340000,  -0.32000,
,,,0.001371360000,  -0.36000,
,,,0.001371380000,  -0.32000,
,,,0.001371400000,  -0.32000,
,,,0.001371420000,  -0.40000,
,,,0.001371440000,  -0.40000,
,,,0.001371460000,  -0.40000,
,,,0.001371480000,  -0.36000,
,,,0.001371500000,  -0.36000,
,,,0.001371520000,  -0.40000,
,,,0.001371540000,  -0.40000,
,,,0.001371560000,  -0.40000,
,,,0.001371580000,  -0.48000,
,,,0.001371600000,  -0.44000,
,,,0.001371620000,  -0.40000,
,,,0.001371640000,  -0.48000,
,,,0.001371660000,  -0.44000,
,,,0.001371680000,  -0.48000,
,,,0.001371700000,  -0.48000,
,,,0.001371720000,  -0.44000,
,,,0.001371740000,  -0.52000,
,,,0.001371760000,  -0.48000,
,,,0.001371780000,  -0.52000,
,,,0.001371800000,  -0.52000,
,,,0.001371820000,  -0.56000,
,,,0.001371840000,  -0.52000,
,,,0.001371860000,  -0.56000,
,,,0.001371880000,  -0.52000,
,,,0.001371900000,  -0.56000,
,,,0.001371920000,  -0.48000,
,,,0.001371940000,  -0.52000,
,,,0.001371960000,  -0.56000,
,,,0.001371980000,  -0.56000,
,,,0.001372000000,  -0.60000,
,,,0.001372020000,  -0.56000,
,,,0.001372040000,  -0.56000,
,,,0.001372060000,  -0.56000,
,,,0.001372080000,  -0.56000,
,,,0.001372100000,  -0.60000,
,,,0.001372120000,  -0.60000,
,,,0.001372140000,  -0.60000,
,,,0.001372160000,  -0.64000,
,,,0.001372180000,  -0.60000,
,,,0.001372200000,  -0.60000,
,,,0.001372220000,  -0.60000,
,,,0.001372240000,  -0.64000,
,,,0.001372260000,  -0.64000,
,,,0.001372280000,  -0.60000,
,,,0.001372300000,  -0.64000,
,,,0.001372320000,  -0.60000,
,,,0.001372340000,  -0.68000,
,,,0.001372360000,  -0.76000,
,,,0.001372380000,  -0.68000,
,,,0.001372400000,  -0.72000,
,,,0.001372420000,  -0.76000,
,,,0.001372440000,  -0.72000,
,,,0.001372460000,  -0.72000,
,,,0.001372480000,  -0.68000,
,,,0.001372500000,  -0.68000,
,,,0.001372520000,  -0.68000,
,,,0.001372540000,  -0.72000,
,,,0.001372560000,  -0.76000,
,,,0.001372580000,  -0.76000,
,,,0.001372600000,  -0.72000,
,,,0.001372620000,  -0.72000,
,,,0.001372640000,  -0.76000,
,,,0.001372660000,  -0.76000,
,,,0.001372680000,  -0.80000,
,,,0.001372700000,  -0.76000,
,,,0.001372720000,  -0.80000,
,,,0.001372740000,  -0.80000,
,,,0.001372760000,  -0.80000,
,,,0.001372780000,  -0.80000,
,,,0.001372800000,  -0.84000,
,,,0.001372820000,  -0.76000,
,,,0.001372840000,  -0.80000,
,,,0.001372860000,  -0.88000,
,,,0.001372880000,  -0.76000,
,,,0.001372900000,  -0.84000,
,,,0.001372920000,  -0.80000,
,,,0.001372940000,  -0.80000,
,,,0.001372960000,  -0.88000,
,,,0.001372980000,  -0.84000,
,,,0.001373000000,  -0.84000,
,,,0.001373020000,  -0.80000,
,,,0.001373040000,  -0.84000,
,,,0.001373060000,  -0.84000,
,,,0.001373080000,  -0.84000,
,,,0.001373100000,  -0.88000,
,,,0.001373120000,  -0.84000,
,,,0.001373140000,  -0.84000,
,,,0.001373160000,  -0.88000,
,,,0.001373180000,  -0.92000,
,,,0.001373200000,  -0.92000,
,,,0.001373220000,  -0.88000,
,,,0.001373240000,  -0.92000,
,,,0.001373260000,  -0.96000,
,,,0.001373280000,  -0.92000,
,,,0.001373300000,  -0.92000,
,,,0.001373320000,  -0.92000,
,,,0.001373340000,  -0.92000,
,,,0.001373360000,  -0.88000,
,,,0.001373380000,  -0.92000,
,,,0.001373400000,  -1.00000,
,,,0.001373420000,  -0.96000,
,,,0.001373440000,  -0.96000,
,,,0.001373460000,  -0.96000,
,,,0.001373480000,  -0.92000,
,,,0.001373500000,  -0.96000,
,,,0.001373520000,  -1.00000,
,,,0.001373540000,  -0.92000,
,,,0.001373560000,  -1.00000,
,,,0.001373580000,  -0.96000,
,,,0.001373600000,  -0.96000,
,,,0.001373620000,  -0.96000,
,,,0.001373640000,  -1.04000,
,,,0.001373660000,  -1.00000,
,,,0.001373680000,  -1.00000,
,,,0.001373700000,  -1.00000,
,,,0.001373720000,  -1.00000,
,,,0.001373740000,  -1.04000,
,,,0.001373760000,  -1.04000,
,,,0.001373780000,  -1.00000,
,,,0.001373800000,  -1.04000,
,,,0.001373820000,  -1.04000,
,,,0.001373840000,  -1.00000,
,,,0.001373860000,  -1.04000,
,,,0.001373880000,  -1.08000,
,,,0.001373900000,  -1.00000,
,,,0.001373920000,  -1.04000,
,,,0.001373940000,  -1.08000,
,,,0.001373960000,  -1.00000,
,,,0.001373980000,  -1.04000,
,,,0.001374000000,  -1.00000,
,,,0.001374020000,  -1.04000,
,,,0.001374040000,  -1.08000,
,,,0.001374060000,  -1.04000,
,,,0.001374080000,  -1.00000,
,,,0.001374100000,  -1.04000,
,,,0.001374120000,  -1.08000,
,,,0.001374140000,  -1.08000,
,,,0.001374160000,  -1.04000,
,,,0.001374180000,  -1.12000,
,,,0.001374200000,  -1.04000,
,,,0.001374220000,  -1.08000,
,,,0.001374240000,  -1.08000,
,,,0.001374260000,  -1.04000,
,,,0.001374280000,  -1.08000,
,,,0.001374300000,  -1.04000,
,,,0.001374320000,  -1.08000,
,,,0.001374340000,  -1.08000,
,,,0.001374360000,  -1.08000,
,,,0.001374380000,  -1.08000,
,,,0.001374400000,  -1.08000,
,,,0.001374420000,  -1.12000,
,,,0.001374440000,  -1.08000,
,,,0.001374460000,  -1.08000,
,,,0.001374480000,  -1.08000,
,,,0.001374500000,  -1.08000,
,,,0.001374520000,  -1.12000,
,,,0.001374540000,  -1.08000,
,,,0.001374560000,  -1.08000,
,,,0.001374580000,  -1.08000,
,,,0.001374600000,  -1.08000,
,,,0.001374620000,  -1.08000,
,,,0.001374640000,  -1.08000,
,,,0.001374660000,  -1.12000,
,,,0.001374680000,  -1.12000,
,,,0.001374700000,  -1.12000,
,,,0.001374720000,  -1.12000,
,,,0.001374740000,  -1.08000,
,,,0.001374760000,  -1.12000,
,,,0.001374780000,  -1.12000,
,,,0.001374800000,  -1.08000,
,,,0.001374820000,  -1.08000,
,,,0.001374840000,  -1.12000,
,,,0.001374860000,  -1.08000,
,,,0.001374880000,  -1.04000,
,,,0.001374900000,  -1.12000,
,,,0.001374920000,  -1.08000,
,,,0.001374940000,  -1.08000,
,,,0.001374960000,  -1.16000,
,,,0.001374980000,  -1.04000,
,,,0.001375000000,  -1.08000,
,,,0.001375020000,  -1.12000,
,,,0.001375040000,  -1.08000,
,,,0.001375060000,  -1.12000,
,,,0.001375080000,  -1.08000,
,,,0.001375100000,  -1.08000,
,,,0.001375120000,  -1.08000,
,,,0.001375140000,  -1.08000,
,,,0.001375160000,  -1.04000,
,,,0.001375180000,  -1.12000,
,,,0.001375200000,  -1.12000,
,,,0.001375220000,  -1.08000,
,,,0.001375240000,  -1.08000,
,,,0.001375260000,  -1.08000,
,,,0.001375280000,  -1.04000,
,,,0.001375300000,  -1.12000,
,,,0.001375320000,  -1.08000,
,,,0.001375340000,  -1.08000,
,,,0.001375360000,  -1.04000,
,,,0.001375380000,  -1.08000,
,,,0.001375400000,  -1.04000,
,,,0.001375420000,  -1.12000,
,,,0.001375440000,  -1.08000,
,,,0.001375460000,  -1.04000,
,,,0.001375480000,  -1.08000,
,,,0.001375500000,  -1.04000,
,,,0.001375520000,  -1.08000,
,,,0.001375540000,  -1.04000,
,,,0.001375560000,  -1.04000,
,,,0.001375580000,  -1.00000,
,,,0.001375600000,  -1.04000,
,,,0.001375620000,  -1.08000,
,,,0.001375640000,  -1.04000,
,,,0.001375660000,  -1.00000,
,,,0.001375680000,  -1.04000,
,,,0.001375700000,  -1.04000,
,,,0.001375720000,  -1.00000,
,,,0.001375740000,  -1.08000,
,,,0.001375760000,  -1.04000,
,,,0.001375780000,  -1.00000,
,,,0.001375800000,  -1.04000,
,,,0.001375820000,  -1.00000,
,,,0.001375840000,  -1.00000,
,,,0.001375860000,  -1.00000,
,,,0.001375880000,  -0.96000,
,,,0.001375900000,  -1.00000,
,,,0.001375920000,  -1.04000,
,,,0.001375940000,  -1.00000,
,,,0.001375960000,  -0.96000,
,,,0.001375980000,  -1.04000,
,,,0.001376000000,  -1.00000,
,,,0.001376020000,  -1.00000,
,,,0.001376040000,  -0.96000,
,,,0.001376060000,  -0.88000,
,,,0.001376080000,  -0.92000,
,,,0.001376100000,  -0.96000,
,,,0.001376120000,  -0.96000,
,,,0.001376140000,  -0.96000,
,,,0.001376160000,  -0.96000,
,,,0.001376180000,  -0.96000,
,,,0.001376200000,  -0.96000,
,,,0.001376220000,  -0.96000,
,,,0.001376240000,  -0.92000,
,,,0.001376260000,  -0.92000,
,,,0.001376280000,  -0.92000,
,,,0.001376300000,  -0.92000,
,,,0.001376320000,  -0.96000,
,,,0.001376340000,  -0.88000,
,,,0.001376360000,  -0.96000,
,,,0.001376380000,  -0.88000,
,,,0.001376400000,  -0.92000,
,,,0.001376420000,  -0.88000,
,,,0.001376440000,  -0.84000,
,,,0.001376460000,  -0.88000,
,,,0.001376480000,  -0.84000,
,,,0.001376500000,  -0.88000,
,,,0.001376520000,  -0.92000,
,,,0.001376540000,  -0.84000,
,,,0.001376560000,  -0.84000,
,,,0.001376580000,  -0.88000,
,,,0.001376600000,  -0.88000,
,,,0.001376620000,  -0.88000,
,,,0.001376640000,  -0.80000,
,,,0.001376660000,  -0.88000,
,,,0.001376680000,  -0.84000,
,,,0.001376700000,  -0.88000,
,,,0.001376720000,  -0.80000,
,,,0.001376740000,  -0.80000,
,,,0.001376760000,  -0.88000,
,,,0.001376780000,  -0.80000,
,,,0.001376800000,  -0.76000,
,,,0.001376820000,  -0.84000,
,,,0.001376840000,  -0.80000,
,,,0.001376860000,  -0.80000,
,,,0.001376880000,  -0.76000,
,,,0.001376900000,  -0.72000,
,,,0.001376920000,  -0.76000,
,,,0.001376940000,  -0.80000,
,,,0.001376960000,  -0.76000,
,,,0.001376980000,  -0.76000,
,,,0.001377000000,  -0.72000,
,,,0.001377020000,  -0.76000,
,,,0.001377040000,  -0.80000,
,,,0.001377060000,  -0.72000,
,,,0.001377080000,  -0.68000,
,,,0.001377100000,  -0.72000,
,,,0.001377120000,  -0.76000,
,,,0.001377140000,  -0.68000,
,,,0.001377160000,  -0.68000,
,,,0.001377180000,  -0.68000,
,,,0.001377200000,  -0.72000,
,,,0.001377220000,  -0.72000,
,,,0.001377240000,  -0.64000,
,,,0.001377260000,  -0.68000,
,,,0.001377280000,  -0.72000,
,,,0.001377300000,  -0.64000,
,,,0.001377320000,  -0.68000,
,,,0.001377340000,  -0.64000,
,,,0.001377360000,  -0.72000,
,,,0.001377380000,  -0.64000,
,,,0.001377400000,  -0.64000,
,,,0.001377420000,  -0.60000,
,,,0.001377440000,  -0.64000,
,,,0.001377460000,  -0.60000,
,,,0.001377480000,  -0.64000,
,,,0.001377500000,  -0.56000,
,,,0.001377520000,  -0.60000,
,,,0.001377540000,  -0.60000,
,,,0.001377560000,  -0.56000,
,,,0.001377580000,  -0.56000,
,,,0.001377600000,  -0.60000,
,,,0.001377620000,  -0.64000,
,,,0.001377640000,  -0.56000,
,,,0.001377660000,  -0.56000,
,,,0.001377680000,  -0.52000,
,,,0.001377700000,  -0.56000,
,,,0.001377720000,  -0.60000,
,,,0.001377740000,  -0.56000,
,,,0.001377760000,  -0.56000,
,,,0.001377780000,  -0.52000,
,,,0.001377800000,  -0.52000,
,,,0.001377820000,  -0.52000,
,,,0.001377840000,  -0.48000,
,,,0.001377860000,  -0.48000,
,,,0.001377880000,  -0.48000,
,,,0.001377900000,  -0.44000,
,,,0.001377920000,  -0.48000,
,,,0.001377940000,  -0.44000,
,,,0.001377960000,  -0.44000,
,,,0.001377980000,  -0.48000,
,,,0.001378000000,  -0.44000,
,,,0.001378020000,  -0.44000,
,,,0.001378040000,  -0.40000,
,,,0.001378060000,  -0.44000,
,,,0.001378080000,  -0.40000,
,,,0.001378100000,  -0.44000,
,,,0.001378120000,  -0.36000,
,,,0.001378140000,  -0.36000,
,,,0.001378160000,  -0.36000,
,,,0.001378180000,  -0.40000,
,,,0.001378200000,  -0.40000,
,,,0.001378220000,  -0.36000,
,,,0.001378240000,  -0.36000,
,,,0.001378260000,  -0.36000,
,,,0.001378280000,  -0.32000,
,,,0.001378300000,  -0.36000,
,,,0.001378320000,  -0.28000,
,,,0.001378340000,  -0.32000,
,,,0.001378360000,  -0.32000,
,,,0.001378380000,  -0.28000,
,,,0.001378400000,  -0.32000,
,,,0.001378420000,  -0.28000,
,,,0.001378440000,  -0.32000,
,,,0.001378460000,  -0.28000,
,,,0.001378480000,  -0.28000,
,,,0.001378500000,  -0.24000,
,,,0.001378520000,  -0.24000,
,,,0.001378540000,  -0.24000,
,,,0.001378560000,  -0.24000,
,,,0.001378580000,  -0.24000,
,,,0.001378600000,  -0.20000,
,,,0.001378620000,  -0.20000,
,,,0.001378640000,  -0.20000,
,,,0.001378660000,  -0.20000,
,,,0.001378680000,  -0.20000,
,,,0.001378700000,  -0.16000,
,,,0.001378720000,  -0.16000,
,,,0.001378740000,  -0.20000,
,,,0.001378760000,  -0.12000,
,,,0.001378780000,  -0.12000,
,,,0.001378800000,  -0.12000,
,,,0.001378820000,  -0.16000,
,,,0.001378840000,  -0.16000,
,,,0.001378860000,  -0.16000,
,,,0.001378880000,  -0.04000,
,,,0.001378900000,  -0.12000,
,,,0.001378920000,  -0.12000,
,,,0.001378940000,  -0.08000,
,,,0.001378960000,  -0.08000,
,,,0.001378980000,  -0.12000,
,,,0.001379000000,  -0.08000,
,,,0.001379020000,  -0.08000,
,,,0.001379040000,  -0.04000,
,,,0.001379060000,   0.00000,
,,,0.001379080000,  -0.04000,
,,,0.001379100000,  -0.08000,
,,,0.001379120000,  -0.04000,
,,,0.001379140000,  -0.04000,
,,,0.001379160000,   0.00000,
,,,0.001379180000,   0.00000,
,,,0.001379200000,   0.00000,
,,,0.001379220000,   0.04000,
,,,0.001379240000,   0.04000,
,,,0.001379260000,   0.00000,
,,,0.001379280000,   0.00000,
,,,0.001379300000,   0.04000,
,,,0.001379320000,   0.08000,
,,,0.001379340000,   0.00000,
,,,0.001379360000,   0.08000,
,,,0.001379380000,   0.08000,
,,,0.001379400000,   0.08000,
,,,0.001379420000,   0.08000,
,,,0.001379440000,   0.08000,
,,,0.001379460000,   0.12000,
,,,0.001379480000,   0.12000,
,,,0.001379500000,   0.08000,
,,,0.001379520000,   0.12000,
,,,0.001379540000,   0.16000,
,,,0.001379560000,   0.16000,
,,,0.001379580000,   0.16000,
,,,0.001379600000,   0.20000,
,,,0.001379620000,   0.20000,
,,,0.001379640000,   0.20000,
,,,0.001379660000,   0.20000,
,,,0.001379680000,   0.20000,
,,,0.001379700000,   0.20000,
,,,0.001379720000,   0.24000,
,,,0.001379740000,   0.20000,
,,,0.001379760000,   0.24000,
,,,0.001379780000,   0.24000,
,,,0.001379800000,   0.24000,
,,,0.001379820000,   0.28000,
,,,0.001379840000,   0.24000,
,,,0.001379860000,   0.28000,
,,,0.001379880000,   0.24000,
,,,0.001379900000,   0.28000,
,,,0.001379920000,   0.28000,
,,,0.001379940000,   0.32000,
,,,0.001379960000,   0.28000,
,,,0.001379980000,   0.28000,
,,,0.001380000000,   0.32000,
,,,0.001380020000,   0.32000,
,,,0.001380040000,   0.36000,
,,,0.001380060000,   0.36000,
,,,0.001380080000,   0.32000,
,,,0.001380100000,   0.40000,
,,,0.001380120000,   0.40000,
,,,0.001380140000,   0.32000,
,,,0.001380160000,   0.36000,
,,,0.001380180000,   0.32000,
,,,0.001380200000,   0.44000,
,,,0.001380220000,   0.36000,
,,,0.001380240000,   0.36000,
,,,0.001380260000,   0.40000,
,,,0.001380280000,   0.36000,
,,,0.001380300000,   0.40000,
,,,0.001380320000,   0.40000,
,,,0.001380340000,   0.44000,
,,,0.001380360000,   0.40000,
,,,0.001380380000,   0.48000,
,,,0.001380400000,   0.44000,
,,,0.001380420000,   0.44000,
,,,0.001380440000,   0.48000,
,,,0.001380460000,   0.48000,
,,,0.001380480000,   0.52000,
,,,0.001380500000,   0.48000,
,,,0.001380520000,   0.52000,
,,,0.001380540000,   0.48000,
,,,0.001380560000,   0.48000,
,,,0.001380580000,   0.52000,
,,,0.001380600000,   0.52000,
,,,0.001380620000,   0.52000,
,,,0.001380640000,   0.56000,
,,,0.001380660000,   0.56000,
,,,0.001380680000,   0.52000,
,,,0.001380700000,   0.56000,
,,,0.001380720000,   0.56000,
,,,0.001380740000,   0.52000,
,,,0.001380760000,   0.52000,
,,,0.001380780000,   0.56000,
,,,0.001380800000,   0.56000,
,,,0.001380820000,   0.60000,
,,,0.001380840000,   0.60000,
,,,0.001380860000,   0.64000,
,,,0.001380880000,   0.60000,
,,,0.001380900000,   0.64000,
,,,0.001380920000,   0.64000,
,,,0.001380940000,   0.60000,
,,,0.001380960000,   0.64000,
,,,0.001380980000,   0.60000,
,,,0.001381000000,   0.60000,
,,,0.001381020000,   0.64000,
,,,0.001381040000,   0.64000,
,,,0.001381060000,   0.64000,
,,,0.001381080000,   0.64000,
,,,0.001381100000,   0.64000,
,,,0.001381120000,   0.64000,
,,,0.001381140000,   0.68000,
,,,0.001381160000,   0.68000,
,,,0.001381180000,   0.68000,
,,,0.001381200000,   0.68000,
,,,0.001381220000,   0.72000,
,,,0.001381240000,   0.72000,
,,,0.001381260000,   0.68000,
,,,0.001381280000,   0.68000,
,,,0.001381300000,   0.76000,
,,,0.001381320000,   0.68000,
,,,0.001381340000,   0.72000,
,,,0.001381360000,   0.76000,
,,,0.001381380000,   0.76000,
,,,0.001381400000,   0.72000,
,,,0.001381420000,   0.68000,
,,,0.001381440000,   0.76000,
,,,0.001381460000,   0.76000,
,,,0.001381480000,   0.76000,
,,,0.001381500000,   0.76000,
,,,0.001381520000,   0.76000,
,,,0.001381540000,   0.76000,
,,,0.001381560000,   0.80000,
,,,0.001381580000,   0.80000,
,,,0.001381600000,   0.76000,
,,,0.001381620000,   0.80000,
,,,0.001381640000,   0.80000,
,,,0.001381660000,   0.80000,
,,,0.001381680000,   0.84000,
,,,0.001381700000,   0.84000,
,,,0.001381720000,   0.76000,
,,,0.001381740000,   0.80000,
,,,0.001381760000,   0.84000,
,,,0.001381780000,   0.84000,
,,,0.001381800000,   0.84000,
,,,0.001381820000,   0.84000,
,,,0.001381840000,   0.80000,
,,,0.001381860000,   0.80000,
,,,0.001381880000,   0.88000,
,,,0.001381900000,   0.84000,
,,,0.001381920000,   0.84000,
,,,0.001381940000,   0.88000,
,,,0.001381960000,   0.84000,
,,,0.001381980000,   0.88000,
,,,0.001382000000,   0.88000,
,,,0.001382020000,   0.84000,
,,,0.001382040000,   0.88000,
,,,0.001382060000,   0.84000,
,,,0.001382080000,   0.88000,
,,,0.001382100000,   0.88000,
,,,0.001382120000,   0.92000,
,,,0.001382140000,   0.84000,
,,,0.001382160000,   0.88000,
,,,0.001382180000,   0.92000,
,,,0.001382200000,   0.92000,
,,,0.001382220000,   0.92000,
,,,0.001382240000,   0.92000,
,,,0.001382260000,   0.92000,
,,,0.001382280000,   0.92000,
,,,0.001382300000,   0.88000,
,,,0.001382320000,   0.92000,
,,,0.001382340000,   0.92000,
,,,0.001382360000,   0.92000,
,,,0.001382380000,   0.92000,
,,,0.001382400000,   0.96000,
,,,0.001382420000,   0.92000,
,,,0.001382440000,   0.92000,
,,,0.001382460000,   0.92000,
,,,0.001382480000,   0.92000,
,,,0.001382500000,   0.92000,
,,,0.001382520000,   0.92000,
,,,0.001382540000,   0.96000,
,,,0.001382560000,   0.96000,
,,,0.001382580000,   0.96000,
,,,0.001382600000,   0.96000,
,,,0.001382620000,   0.96000,
,,,0.001382640000,   0.96000,
,,,0.001382660000,   0.92000,
,,,0.001382680000,   1.00000,
,,,0.001382700000,   0.96000,
,,,0.001382720000,   0.92000,
,,,0.001382740000,   1.00000,
,,,0.001382760000,   0.96000,
,,,0.001382780000,   1.00000,
,,,0.001382800000,   0.96000,
,,,0.001382820000,   0.96000,
,,,0.001382840000,   1.04000,
,,,0.001382860000,   0.96000,
,,,0.001382880000,   0.96000,
,,,0.001382900000,   1.00000,
,,,0.001382920000,   0.96000,
,,,0.001382940000,   0.96000,
,,,0.001382960000,   1.00000,
,,,0.001382980000,   0.96000,
,,,0.001383000000,   0.96000,
,,,0.001383020000,   1.00000,
,,,0.001383040000,   0.96000,
,,,0.001383060000,   0.96000,
,,,0.001383080000,   0.96000,
,,,0.001383100000,   1.00000,
,,,0.001383120000,   1.00000,
,,,0.001383140000,   0.96000,
,,,0.001383160000,   1.00000,
,,,0.001383180000,   1.00000,
,,,0.001383200000,   1.00000,
,,,0.001383220000,   1.04000,
,,,0.001383240000,   0.96000,
,,,0.001383260000,   1.00000,
,,,0.001383280000,   1.00000,
,,,0.001383300000,   1.04000,
,,,0.001383320000,   1.00000,
,,,0.001383340000,   0.96000,
,,,0.001383360000,   1.04000,
,,,0.001383380000,   1.00000,
,,,0.001383400000,   1.04000,
,,,0.001383420000,   0.96000,
,,,0.001383440000,   1.04000,
,,,0.001383460000,   1.00000,
,,,0.001383480000,   1.00000,
,,,0.001383500000,   1.00000,
,,,0.001383520000,   1.04000,
,,,0.001383540000,   0.96000,
,,,0.001383560000,   0.96000,
,,,0.001383580000,   0.96000,
,,,0.001383600000,   1.00000,
,,,0.001383620000,   1.04000,
,,,0.001383640000,   1.04000,
,,,0.001383660000,   1.00000,
,,,0.001383680000,   1.00000,
,,,0.001383700000,   0.96000,
,,,0.001383720000,   1.00000,
,,,0.001383740000,   0.96000,
,,,0.001383760000,   1.00000,
,,,0.001383780000,   1.04000,
,,,0.001383800000,   0.96000,
,,,0.001383820000,   0.96000,
,,,0.001383840000,   1.00000,
,,,0.001383860000,   1.00000,
,,,0.001383880000,   1.00000,
,,,0.001383900000,   1.00000,
,,,0.001383920000,   0.92000,
,,,0.001383940000,   0.92000,
,,,0.001383960000,   0.96000,
,,,0.001383980000,   1.00000,
,,,0.001384000000,   0.96000,
,,,0.001384020000,   0.96000,
,,,0.001384040000,   0.96000,
,,,0.001384060000,   0.96000,
,,,0.001384080000,   0.96000,
,,,0.001384100000,   0.96000,
,,,0.001384120000,   0.96000,
,,,0.001384140000,   0.96000,
,,,0.001384160000,   0.96000,
,,,0.001384180000,   1.00000,
,,,0.001384200000,   0.96000,
,,,0.001384220000,   0.96000,
,,,0.001384240000,   0.92000,
,,,0.001384260000,   0.92000,
,,,0.001384280000,   0.92000,
,,,0.001384300000,   0.92000,
,,,0.001384320000,   0.92000,
,,,0.001384340000,   0.96000,
,,,0.001384360000,   0.96000,
,,,0.001384380000,   0.92000,
,,,0.001384400000,   0.92000,
,,,0.001384420000,   0.92000,
,,,0.001384440000,   0.92000,
,,,0.001384460000,   0.92000,
,,,0.001384480000,   0.92000,
,,,0.001384500000,   0.92000,
,,,0.001384520000,   0.92000,
,,,0.001384540000,   0.96000,
,,,0.001384560000,   0.88000,
,,,0.001384580000,   0.88000,
,,,0.001384600000,   0.88000,
,,,0.001384620000,   0.88000,
,,,0.001384640000,   0.88000,
,,,0.001384660000,   0.88000,
,,,0.001384680000,   0.84000,
,,,0.001384700000,   0.88000,
,,,0.001384720000,   0.88000,
,,,0.001384740000,   0.84000,
,,,0.001384760000,   0.84000,
,,,0.001384780000,   0.84000,
,,,0.001384800000,   0.88000,
,,,0.001384820000,   0.84000,
,,,0.001384840000,   0.80000,
,,,0.001384860000,   0.80000,
,,,0.001384880000,   0.88000,
,,,0.001384900000,   0.84000,
,,,0.001384920000,   0.80000,
,,,0.001384940000,   0.80000,
,,,0.001384960000,   0.80000,
,,,0.001384980000,   0.84000,
,,,0.001385000000,   0.84000,
,,,0.001385020000,   0.84000,
,,,0.001385040000,   0.76000,
,,,0.001385060000,   0.76000,
,,,0.001385080000,   0.84000,
,,,0.001385100000,   0.80000,
,,,0.001385120000,   0.80000,
,,,0.001385140000,   0.84000,
,,,0.001385160000,   0.80000,
,,,0.001385180000,   0.76000,
,,,0.001385200000,   0.76000,
,,,0.001385220000,   0.76000,
,,,0.001385240000,   0.80000,
,,,0.001385260000,   0.76000,
,,,0.001385280000,   0.72000,
,,,0.001385300000,   0.76000,
,,,0.001385320000,   0.72000,
,,,0.001385340000,   0.72000,
,,,0.001385360000,   0.72000,
,,,0.001385380000,   0.72000,
,,,0.001385400000,   0.68000,
,,,0.001385420000,   0.76000,
,,,0.001385440000,   0.72000,
,,,0.001385460000,   0.68000,
,,,0.001385480000,   0.72000,
,,,0.001385500000,   0.64000,
,,,0.001385520000,   0.72000,
,,,0.001385540000,   0.68000,
,,,0.001385560000,   0.64000,
,,,0.001385580000,   0.60000,
,,,0.001385600000,   0.64000,
,,,0.001385620000,   0.64000,
,,,0.001385640000,   0.60000,
,,,0.001385660000,   0.60000,
,,,0.001385680000,   0.64000,
,,,0.001385700000,   0.64000,
,,,0.001385720000,   0.64000,
,,,0.001385740000,   0.64000,
,,,0.001385760000,   0.64000,
,,,0.001385780000,   0.56000,
,,,0.001385800000,   0.60000,
,,,0.001385820000,   0.60000,
,,,0.001385840000,   0.56000,
,,,0.001385860000,   0.64000,
,,,0.001385880000,   0.56000,
,,,0.001385900000,   0.60000,
,,,0.001385920000,   0.56000,
,,,0.001385940000,   0.56000,
,,,0.001385960000,   0.56000,
,,,0.001385980000,   0.48000,
,,,0.001386000000,   0.52000,
,,,0.001386020000,   0.52000,
,,,0.001386040000,   0.52000,
,,,0.001386060000,   0.48000,
,,,0.001386080000,   0.52000,
,,,0.001386100000,   0.56000,
,,,0.001386120000,   0.48000,
,,,0.001386140000,   0.52000,
,,,0.001386160000,   0.48000,
,,,0.001386180000,   0.48000,
,,,0.001386200000,   0.48000,
,,,0.001386220000,   0.44000,
,,,0.001386240000,   0.44000,
,,,0.001386260000,   0.44000,
,,,0.001386280000,   0.44000,
,,,0.001386300000,   0.44000,
,,,0.001386320000,   0.44000,
,,,0.001386340000,   0.40000,
,,,0.001386360000,   0.40000,
,,,0.001386380000,   0.40000,
,,,0.001386400000,   0.40000,
,,,0.001386420000,   0.36000,
,,,0.001386440000,   0.44000,
,,,0.001386460000,   0.36000,
,,,0.001386480000,   0.36000,
,,,0.001386500000,   0.40000,
,,,0.001386520000,   0.36000,
,,,0.001386540000,   0.36000,
,,,0.001386560000,   0.32000,
,,,0.001386580000,   0.32000,
,,,0.001386600000,   0.36000,
,,,0.001386620000,   0.32000,
,,,0.001386640000,   0.32000,
,,,0.001386660000,   0.32000,
,,,0.001386680000,   0.32000,
,,,0.001386700000,   0.28000,
,,,0.001386720000,   0.24000,
,,,0.001386740000,   0.28000,
,,,0.001386760000,   0.24000,
,,,0.001386780000,   0.32000,
,,,0.001386800000,   0.28000,
,,,0.001386820000,   0.24000,
,,,0.001386840000,   0.24000,
,,,0.001386860000,   0.28000,
,,,0.001386880000,   0.28000,
,,,0.001386900000,   0.20000,
,,,0.001386920000,   0.20000,
,,,0.001386940000,   0.20000,
,,,0.001386960000,   0.20000,
,,,0.001386980000,   0.20000,
,,,0.001387000000,   0.16000,
,,,0.001387020000,   0.16000,
,,,0.001387040000,   0.20000,
,,,0.001387060000,   0.20000,
,,,0.001387080000,   0.12000,
,,,0.001387100000,   0.20000,
,,,0.001387120000,   0.16000,
,,,0.001387140000,   0.16000,
,,,0.001387160000,   0.12000,
,,,0.001387180000,   0.12000,
,,,0.001387200000,   0.08000,
,,,0.001387220000,   0.08000,
,,,0.001387240000,   0.12000,
,,,0.001387260000,   0.00000,
,,,0.001387280000,   0.12000,
,,,0.001387300000,   0.08000,
,,,0.001387320000,   0.08000,
,,,0.001387340000,   0.04000,
,,,0.001387360000,   0.08000,
,,,0.001387380000,   0.00000,
,,,0.001387400000,   0.08000,
,,,0.001387420000,   0.04000,
,,,0.001387440000,   0.00000,
,,,0.001387460000,   0.04000,
,,,0.001387480000,  -0.04000,
,,,0.001387500000,   0.00000,
,,,0.001387520000,  -0.04000,
,,,0.001387540000,   0.00000,
,,,0.001387560000,  -0.04000,
,,,0.001387580000,  -0.04000,
,,,0.001387600000,  -0.04000,
,,,0.001387620000,  -0.04000,
,,,0.001387640000,  -0.04000,
,,,0.001387660000,  -0.04000,
,,,0.001387680000,  -0.08000,
,,,0.001387700000,  -0.08000,
,,,0.001387720000,  -0.12000,
,,,0.001387740000,  -0.08000,
,,,0.001387760000,  -0.12000,
,,,0.001387780000,  -0.08000,
,,,0.001387800000,  -0.08000,
,,,0.001387820000,  -0.16000,
,,,0.001387840000,  -0.12000,
,,,0.001387860000,  -0.16000,
,,,0.001387880000,  -0.12000,
,,,0.001387900000,  -0.16000,
,,,0.001387920000,  -0.16000,
,,,0.001387940000,  -0.20000,
,,,0.001387960000,  -0.12000,
,,,0.001387980000,  -0.20000,
,,,0.001388000000,  -0.16000,
,,,0.001388020000,  -0.16000,
,,,0.001388040000,  -0.20000,
,,,0.001388060000,  -0.24000,
,,,0.001388080000,  -0.24000,
,,,0.001388100000,  -0.24000,
,,,0.001388120000,  -0.24000,
,,,0.001388140000,  -0.28000,
,,,0.001388160000,  -0.24000,
,,,0.001388180000,  -0.20000,
,,,0.001388200000,  -0.32000,
,,,0.001388220000,  -0.28000,
,,,0.001388240000,  -0.32000,
,,,0.001388260000,  -0.32000,
,,,0.001388280000,  -0.28000,
,,,0.001388300000,  -0.28000,
,,,0.001388320000,  -0.28000,
,,,0.001388340000,  -0.28000,
,,,0.001388360000,  -0.32000,
,,,0.001388380000,  -0.32000,
,,,0.001388400000,  -0.32000,
,,,0.001388420000,  -0.28000,
,,,0.001388440000,  -0.32000,
,,,0.001388460000,  -0.40000,
,,,0.001388480000,  -0.36000,
,,,0.001388500000,  -0.36000,
,,,0.001388520000,  -0.36000,
,,,0.001388540000,  -0.36000,
,,,0.001388560000,  -0.40000,
,,,0.001388580000,  -0.40000,
,,,0.001388600000,  -0.40000,
,,,0.001388620000,  -0.40000,
,,,0.001388640000,  -0.44000,
,,,0.001388660000,  -0.40000,
,,,0.001388680000,  -0.48000,
,,,0.001388700000,  -0.48000,
,,,0.001388720000,  -0.44000,
,,,0.001388740000,  -0.48000,
,,,0.001388760000,  -0.48000,
,,,0.001388780000,  -0.44000,
,,,0.001388800000,  -0.52000,
,,,0.001388820000,  -0.48000,
,,,0.001388840000,  -0.48000,
,,,0.001388860000,  -0.52000,
,,,0.001388880000,  -0.52000,
,,,0.001388900000,  -0.52000,
,,,0.001388920000,  -0.56000,
,,,0.001388940000,  -0.52000,
,,,0.001388960000,  -0.56000,
,,,0.001388980000,  -0.56000,
,,,0.001389000000,  -0.60000,
,,,0.001389020000,  -0.60000,
,,,0.001389040000,  -0.56000,
,,,0.001389060000,  -0.56000,
,,,0.001389080000,  -0.64000,
,,,0.001389100000,  -0.60000,
,,,0.001389120000,  -0.56000,
,,,0.001389140000,  -0.60000,
,,,0.001389160000,  -0.64000,
,,,0.001389180000,  -0.60000,
,,,0.001389200000,  -0.56000,
,,,0.001389220000,  -0.60000,
,,,0.001389240000,  -0.68000,
,,,0.001389260000,  -0.60000,
,,,0.001389280000,  -0.64000,
,,,0.001389300000,  -0.64000,
,,,0.001389320000,  -0.68000,
,,,0.001389340000,  -0.64000,
,,,0.001389360000,  -0.68000,
,,,0.001389380000,  -0.60000,
,,,0.001389400000,  -0.68000,
,,,0.001389420000,  -0.72000,
,,,0.001389440000,  -0.64000,
,,,0.001389460000,  -0.72000,
,,,0.001389480000,  -0.68000,
,,,0.001389500000,  -0.76000,
,,,0.001389520000,  -0.72000,
,,,0.001389540000,  -0.68000,
,,,0.001389560000,  -0.72000,
,,,0.001389580000,  -0.68000,
,,,0.001389600000,  -0.76000,
,,,0.001389620000,  -0.76000,
,,,0.001389640000,  -0.76000,
,,,0.001389660000,  -0.72000,
,,,0.001389680000,  -0.72000,
,,,0.001389700000,  -0.76000,
,,,0.001389720000,  -0.80000,
,,,0.001389740000,  -0.76000,
,,,0.001389760000,  -0.80000,
,,,0.001389780000,  -0.80000,
,,,0.001389800000,  -0.84000,
,,,0.001389820000,  -0.76000,
,,,0.001389840000,  -0.80000,
,,,0.001389860000,  -0.88000,
,,,0.001389880000,  -0.80000,
,,,0.001389900000,  -0.84000,
,,,0.001389920000,  -0.80000,
,,,0.001389940000,  -0.80000,
,,,0.001389960000,  -0.84000,
,,,0.001389980000,  -0.84000,
,,,0.001390000000,  -0.80000,
,,,0.001390020000,  -0.84000,
,,,0.001390040000,  -0.84000,
,,,0.001390060000,  -0.88000,
,,,0.001390080000,  -0.84000,
,,,0.001390100000,  -0.80000,
,,,0.001390120000,  -0.92000,
,,,0.001390140000,  -0.84000,
,,,0.001390160000,  -0.88000,
,,,0.001390180000,  -0.96000,
,,,0.001390200000,  -0.88000,
,,,0.001390220000,  -0.92000,
,,,0.001390240000,  -0.88000,
,,,0.001390260000,  -0.92000,
,,,0.001390280000,  -0.88000,
,,,0.001390300000,  -0.88000,
,,,0.001390320000,  -0.92000,
,,,0.001390340000,  -0.92000,
,,,0.001390360000,  -0.92000,
,,,0.001390380000,  -0.92000,
,,,0.001390400000,  -0.96000,
,,,0.001390420000,  -0.92000,
,,,0.001390440000,  -0.92000,
,,,0.001390460000,  -1.00000,
,,,0.001390480000,  -0.96000,
,,,0.001390500000,  -0.92000,
,,,0.001390520000,  -0.96000,
,,,0.001390540000,  -0.96000,
,,,0.001390560000,  -1.00000,
,,,0.001390580000,  -0.96000,
,,,0.001390600000,  -0.96000,
,,,0.001390620000,  -1.00000,
,,,0.001390640000,  -1.00000,
,,,0.001390660000,  -0.96000,
,,,0.001390680000,  -1.00000,
,,,0.001390700000,  -1.00000,
,,,0.001390720000,  -1.00000,
,,,0.001390740000,  -1.00000,
,,,0.001390760000,  -0.96000,
,,,0.001390780000,  -1.04000,
,,,0.001390800000,  -1.00000,
,,,0.001390820000,  -1.00000,
,,,0.001390840000,  -0.96000,
,,,0.001390860000,  -1.04000,
,,,0.001390880000,  -1.04000,
,,,0.001390900000,  -1.04000,
,,,0.001390920000,  -1.00000,
,,,0.001390940000,  -1.00000,
,,,0.001390960000,  -1.00000,
,,,0.001390980000,  -1.04000,
,,,0.001391000000,  -1.00000,
,,,0.001391020000,  -1.04000,
,,,0.001391040000,  -1.04000,
,,,0.001391060000,  -1.04000,
,,,0.001391080000,  -1.08000,
,,,0.001391100000,  -1.04000,
,,,0.001391120000,  -1.08000,
,,,0.001391140000,  -1.08000,
,,,0.001391160000,  -1.08000,
,,,0.001391180000,  -1.08000,
,,,0.001391200000,  -1.08000,
,,,0.001391220000,  -1.12000,
,,,0.001391240000,  -1.04000,
,,,0.001391260000,  -1.04000,
,,,0.001391280000,  -1.04000,
,,,0.001391300000,  -1.04000,
,,,0.001391320000,  -1.08000,
,,,0.001391340000,  -1.08000,
,,,0.001391360000,  -1.00000,
,,,0.001391380000,  -1.08000,
,,,0.001391400000,  -1.08000,
,,,0.001391420000,  -1.08000,
,,,0.001391440000,  -1.08000,
,,,0.001391460000,  -1.12000,
,,,0.001391480000,  -1.08000,
,,,0.001391500000,  -1.08000,
,,,0.001391520000,  -1.08000,
,,,0.001391540000,  -1.08000,
,,,0.001391560000,  -1.08000,
,,,0.001391580000,  -1.08000,
,,,0.001391600000,  -1.08000,
,,,0.001391620000,  -1.12000,
,,,0.001391640000,  -1.04000,
,,,0.001391660000,  -1.04000,
,,,0.001391680000,  -1.04000,
,,,0.001391700000,  -1.12000,
,,,0.001391720000,  -1.08000,
,,,0.001391740000,  -1.12000,
,,,0.001391760000,  -1.12000,
,,,0.001391780000,  -1.12000,
,,,0.001391800000,  -1.08000,
,,,0.001391820000,  -1.08000,
,,,0.001391840000,  -1.08000,
,,,0.001391860000,  -1.12000,
,,,0.001391880000,  -1.04000,
,,,0.001391900000,  -1.08000,
,,,0.001391920000,  -1.08000,
,,,0.001391940000,  -1.12000,
,,,0.001391960000,  -1.12000,
,,,0.001391980000,  -1.08000,
,,,0.001392000000,  -1.08000,
,,,0.001392020000,  -1.04000,
,,,0.001392040000,  -1.12000,
,,,0.001392060000,  -1.12000,
,,,0.001392080000,  -1.04000,
,,,0.001392100000,  -1.08000,
,,,0.001392120000,  -1.12000,
,,,0.001392140000,  -1.08000,
,,,0.001392160000,  -1.12000,
,,,0.001392180000,  -1.12000,
,,,0.001392200000,  -1.12000,
,,,0.001392220000,  -1.08000,
,,,0.001392240000,  -1.12000,
,,,0.001392260000,  -1.08000,
,,,0.001392280000,  -1.08000,
,,,0.001392300000,  -1.08000,
,,,0.001392320000,  -1.08000,
,,,0.001392340000,  -1.08000,
,,,0.001392360000,  -1.08000,
,,,0.001392380000,  -1.04000,
,,,0.001392400000,  -1.04000,
,,,0.001392420000,  -1.08000,
,,,0.001392440000,  -1.00000,
,,,0.001392460000,  -1.08000,
,,,0.001392480000,  -1.08000,
,,,0.001392500000,  -1.08000,
,,,0.001392520000,  -1.08000,
,,,0.001392540000,  -1.04000,
,,,0.001392560000,  -1.08000,
,,,0.001392580000,  -1.04000,
,,,0.001392600000,  -1.08000,
,,,0.001392620000,  -1.04000,
,,,0.001392640000,  -1.04000,
,,,0.001392660000,  -1.08000,
,,,0.001392680000,  -1.04000,
,,,0.001392700000,  -1.00000,
,,,0.001392720000,  -1.08000,
,,,0.001392740000,  -1.00000,
,,,0.001392760000,  -1.08000,
,,,0.001392780000,  -1.04000,
,,,0.001392800000,  -1.00000,
,,,0.001392820000,  -1.08000,
,,,0.001392840000,  -1.04000,
,,,0.001392860000,  -0.96000,
,,,0.001392880000,  -1.04000,
,,,0.001392900000,  -1.00000,
,,,0.001392920000,  -1.00000,
,,,0.001392940000,  -0.96000,
,,,0.001392960000,  -1.04000,
,,,0.001392980000,  -0.96000,
,,,0.001393000000,  -1.00000,
,,,0.001393020000,  -1.00000,
,,,0.001393040000,  -0.96000,
,,,0.001393060000,  -1.04000,
,,,0.001393080000,  -0.96000,
,,,0.001393100000,  -1.00000,
,,,0.001393120000,  -1.00000,
,,,0.001393140000,  -0.96000,
,,,0.001393160000,  -0.92000,
,,,0.001393180000,  -0.92000,
,,,0.001393200000,  -1.00000,
,,,0.001393220000,  -0.92000,
,,,0.001393240000,  -0.92000,
,,,0.001393260000,  -0.92000,
,,,0.001393280000,  -0.92000,
,,,0.001393300000,  -0.96000,
,,,0.001393320000,  -0.96000,
,,,0.001393340000,  -0.92000,
,,,0.001393360000,  -0.96000,
,,,0.001393380000,  -0.92000,
,,,0.001393400000,  -0.84000,
,,,0.001393420000,  -0.92000,
,,,0.001393440000,  -0.88000,
,,,0.001393460000,  -0.92000,
,,,0.001393480000,  -0.88000,
,,,0.001393500000,  -0.88000,
,,,0.001393520000,  -0.96000,
,,,0.001393540000,  -0.84000,
,,,0.001393560000,  -0.92000,
,,,0.001393580000,  -0.92000,
,,,0.001393600000,  -0.88000,
,,,0.001393620000,  -0.80000,
,,,0.001393640000,  -0.88000,
,,,0.001393660000,  -0.84000,
,,,0.001393680000,  -0.84000,
,,,0.001393700000,  -0.84000,
,,,0.001393720000,  -0.88000,
,,,0.001393740000,  -0.84000,
,,,0.001393760000,  -0.80000,
,,,0.001393780000,  -0.84000,
,,,0.001393800000,  -0.84000,
,,,0.001393820000,  -0.88000,
,,,0.001393840000,  -0.76000,
,,,0.001393860000,  -0.84000,
,,,0.001393880000,  -0.80000,
,,,0.001393900000,  -0.80000,
,,,0.001393920000,  -0.80000,
,,,0.001393940000,  -0.76000,
,,,0.001393960000,  -0.76000,
,,,0.001393980000,  -0.80000,
,,,0.001394000000,  -0.76000,
,,,0.001394020000,  -0.76000,
,,,0.001394040000,  -0.76000,
,,,0.001394060000,  -0.72000,
,,,0.001394080000,  -0.72000,
,,,0.001394100000,  -0.72000,
,,,0.001394120000,  -0.72000,
,,,0.001394140000,  -0.76000,
,,,0.001394160000,  -0.72000,
,,,0.001394180000,  -0.68000,
,,,0.001394200000,  -0.68000,
,,,0.001394220000,  -0.76000,
,,,0.001394240000,  -0.72000,
,,,0.001394260000,  -0.64000,
,,,0.001394280000,  -0.68000,
,,,0.001394300000,  -0.72000,
,,,0.001394320000,  -0.72000,
,,,0.001394340000,  -0.68000,
,,,0.001394360000,  -0.64000,
,,,0.001394380000,  -0.64000,
,,,0.001394400000,  -0.68000,
,,,0.001394420000,  -0.60000,
,,,0.001394440000,  -0.60000,
,,,0.001394460000,  -0.60000,
,,,0.001394480000,  -0.64000,
,,,0.001394500000,  -0.60000,
,,,0.001394520000,  -0.60000,
,,,0.001394540000,  -0.60000,
,,,0.001394560000,  -0.60000,
,,,0.001394580000,  -0.64000,
,,,0.001394600000,  -0.60000,
,,,0.001394620000,  -0.60000,
,,,0.001394640000,  -0.60000,
,,,0.001394660000,  -0.60000,
,,,0.001394680000,  -0.56000,
,,,0.001394700000,  -0.56000,
,,,0.001394720000,  -0.52000,
,,,0.001394740000,  -0.56000,
,,,0.001394760000,  -0.60000,
,,,0.001394780000,  -0.52000,
,,,0.001394800000,  -0.56000,
,,,0.001394820000,  -0.56000,
,,,0.001394840000,  -0.48000,
,,,0.001394860000,  -0.56000,
,,,0.001394880000,  -0.48000,
,,,0.001394900000,  -0.52000,
,,,0.001394920000,  -0.48000,
,,,0.001394940000,  -0.48000,
,,,0.001394960000,  -0.48000,
,,,0.001394980000,  -0.44000,
,,,0.001395000000,  -0.48000,
,,,0.001395020000,  -0.48000,
,,,0.001395040000,  -0.48000,
,,,0.001395060000,  -0.44000,
,,,0.001395080000,  -0.48000,
,,,0.001395100000,  -0.44000,
,,,0.001395120000,  -0.44000,
,,,0.001395140000,  -0.44000,
,,,0.001395160000,  -0.36000,
,,,0.001395180000,  -0.48000,
,,,0.001395200000,  -0.40000,
,,,0.001395220000,  -0.32000,
,,,0.001395240000,  -0.40000,
,,,0.001395260000,  -0.36000,
,,,0.001395280000,  -0.36000,
,,,0.001395300000,  -0.32000,
,,,0.001395320000,  -0.32000,
,,,0.001395340000,  -0.36000,
,,,0.001395360000,  -0.36000,
,,,0.001395380000,  -0.28000,
,,,0.001395400000,  -0.36000,
,,,0.001395420000,  -0.32000,
,,,0.001395440000,  -0.36000,
,,,0.001395460000,  -0.32000,
,,,0.001395480000,  -0.24000,
,,,0.001395500000,  -0.28000,
,,,0.001395520000,  -0.24000,
,,,0.001395540000,  -0.28000,
,,,0.001395560000,  -0.24000,
,,,0.001395580000,  -0.28000,
,,,0.001395600000,  -0.20000,
,,,0.001395620000,  -0.24000,
,,,0.001395640000,  -0.24000,
,,,0.001395660000,  -0.24000,
,,,0.001395680000,  -0.20000,
,,,0.001395700000,  -0.20000,
,,,0.001395720000,  -0.20000,
,,,0.001395740000,  -0.20000,
,,,0.001395760000,  -0.16000,
,,,0.001395780000,  -0.20000,
,,,0.001395800000,  -0.16000,
,,,0.001395820000,  -0.16000,
,,,0.001395840000,  -0.12000,
,,,0.001395860000,  -0.16000,
,,,0.001395880000,  -0.16000,
,,,0.001395900000,  -0.12000,
,,,0.001395920000,  -0.12000,
,,,0.001395940000,  -0.12000,
,,,0.001395960000,  -0.04000,
,,,0.001395980000,  -0.08000,
,,,0.001396000000,  -0.08000,
,,,0.001396020000,  -0.08000,
,,,0.001396040000,  -0.08000,
,,,0.001396060000,  -0.08000,
,,,0.001396080000,  -0.04000,
,,,0.001396100000,  -0.04000,
,,,0.001396120000,  -0.04000,
,,,0.001396140000,  -0.08000,
,,,0.001396160000,  -0.04000,
,,,0.001396180000,  -0.04000,
,,,0.001396200000,   0.00000,
,,,0.001396220000,   0.04000,
,,,0.001396240000,   0.04000,
,,,0.001396260000,   0.00000,
,,,0.001396280000,   0.00000,
,,,0.001396300000,   0.00000,
,,,0.001396320000,   0.04000,
,,,0.001396340000,   0.04000,
,,,0.001396360000,   0.04000,
,,,0.001396380000,   0.08000,
,,,0.001396400000,   0.08000,
,,,0.001396420000,   0.08000,
,,,0.001396440000,   0.12000,
,,,0.001396460000,   0.12000,
,,,0.001396480000,   0.08000,
,,,0.001396500000,   0.12000,
,,,0.001396520000,   0.12000,
,,,0.001396540000,   0.16000,
,,,0.001396560000,   0.12000,
,,,0.001396580000,   0.12000,
,,,0.001396600000,   0.16000,
,,,0.001396620000,   0.12000,
,,,0.001396640000,   0.16000,
,,,0.001396660000,   0.16000,
,,,0.001396680000,   0.20000,
,,,0.001396700000,   0.16000,
,,,0.001396720000,   0.16000,
,,,0.001396740000,   0.20000,
,,,0.001396760000,   0.24000,
,,,0.001396780000,   0.24000,
,,,0.001396800000,   0.20000,
,,,0.001396820000,   0.24000,
,,,0.001396840000,   0.24000,
,,,0.001396860000,   0.20000,
,,,0.001396880000,   0.24000,
,,,0.001396900000,   0.20000,
,,,0.001396920000,   0.24000,
,,,0.001396940000,   0.28000,
,,,0.001396960000,   0.28000,
,,,0.001396980000,   0.28000,
,,,0.001397000000,   0.28000,
,,,0.001397020000,   0.28000,
,,,0.001397040000,   0.28000,
,,,0.001397060000,   0.32000,
,,,0.001397080000,   0.32000,
,,,0.001397100000,   0.32000,
,,,0.001397120000,   0.32000,
,,,0.001397140000,   0.36000,
,,,0.001397160000,   0.28000,
,,,0.001397180000,   0.32000,
,,,0.001397200000,   0.40000,
,,,0.001397220000,   0.36000,
,,,0.001397240000,   0.36000,
,,,0.001397260000,   0.40000,
,,,0.001397280000,   0.36000,
,,,0.001397300000,   0.40000,
,,,0.001397320000,   0.40000,
,,,0.001397340000,   0.40000,
,,,0.001397360000,   0.40000,
,,,0.001397380000,   0.44000,
,,,0.001397400000,   0.48000,
,,,0.001397420000,   0.40000,
,,,0.001397440000,   0.40000,
,,,0.001397460000,   0.44000,
,,,0.001397480000,   0.44000,
,,,0.001397500000,   0.40000,
,,,0.001397520000,   0.44000,
,,,0.001397540000,   0.44000,
,,,0.001397560000,   0.44000,
,,,0.001397580000,   0.48000,
,,,0.001397600000,   0.48000,
,,,0.001397620000,   0.48000,
,,,0.001397640000,   0.48000,
,,,0.001397660000,   0.56000,
,,,0.001397680000,   0.52000,
,,,0.001397700000,   0.52000,
,,,0.001397720000,   0.52000,
,,,0.001397740000,   0.52000,
,,,0.001397760000,   0.56000,
,,,0.001397780000,   0.52000,
,,,0.001397800000,   0.52000,
,,,0.001397820000,   0.52000,
,,,0.001397840000,   0.56000,
,,,0.001397860000,   0.52000,
,,,0.001397880000,   0.60000,
,,,0.001397900000,   0.60000,
,,,0.001397920000,   0.60000,
,,,0.001397940000,   0.60000,
,,,0.001397960000,   0.60000,
,,,0.001397980000,   0.60000,
,,,0.001398000000,   0.60000,
,,,0.001398020000,   0.64000,
,,,0.001398040000,   0.64000,
,,,0.001398060000,   0.60000,
,,,0.001398080000,   0.64000,
,,,0.001398100000,   0.64000,
,,,0.001398120000,   0.68000,
,,,0.001398140000,   0.68000,
,,,0.001398160000,   0.64000,
,,,0.001398180000,   0.68000,
,,,0.001398200000,   0.76000,
,,,0.001398220000,   0.72000,
,,,0.001398240000,   0.68000,
,,,0.001398260000,   0.68000,
,,,0.001398280000,   0.68000,
,,,0.001398300000,   0.72000,
,,,0.001398320000,   0.72000,
,,,0.001398340000,   0.72000,
,,,0.001398360000,   0.68000,
,,,0.001398380000,   0.72000,
,,,0.001398400000,   0.72000,
,,,0.001398420000,   0.76000,
,,,0.001398440000,   0.72000,
,,,0.001398460000,   0.72000,
,,,0.001398480000,   0.76000,
,,,0.001398500000,   0.72000,
,,,0.001398520000,   0.72000,
,,,0.001398540000,   0.72000,
,,,0.001398560000,   0.80000,
,,,0.001398580000,   0.76000,
,,,0.001398600000,   0.76000,
,,,0.001398620000,   0.80000,
,,,0.001398640000,   0.72000,
,,,0.001398660000,   0.76000,
,,,0.001398680000,   0.84000,
,,,0.001398700000,   0.80000,
,,,0.001398720000,   0.80000,
,,,0.001398740000,   0.88000,
,,,0.001398760000,   0.84000,
,,,0.001398780000,   0.80000,
,,,0.001398800000,   0.84000,
,,,0.001398820000,   0.80000,
,,,0.001398840000,   0.84000,
,,,0.001398860000,   0.84000,
,,,0.001398880000,   0.80000,
,,,0.001398900000,   0.80000,
,,,0.001398920000,   0.84000,
,,,0.001398940000,   0.88000,
,,,0.001398960000,   0.88000,
,,,0.001398980000,   0.84000,
,,,0.001399000000,   0.84000,
,,,0.001399020000,   0.84000,
,,,0.001399040000,   0.84000,
,,,0.001399060000,   0.92000,
,,,0.001399080000,   0.92000,
,,,0.001399100000,   0.92000,
,,,0.001399120000,   0.88000,
,,,0.001399140000,   0.88000,
,,,0.001399160000,   0.88000,
,,,0.001399180000,   0.88000,
,,,0.001399200000,   0.88000,
,,,0.001399220000,   0.92000,
,,,0.001399240000,   0.88000,
,,,0.001399260000,   0.96000,
,,,0.001399280000,   0.92000,
,,,0.001399300000,   0.92000,
,,,0.001399320000,   0.88000,
,,,0.001399340000,   0.92000,
,,,0.001399360000,   0.92000,
,,,0.001399380000,   0.92000,
,,,0.001399400000,   0.92000,
,,,0.001399420000,   0.92000,
,,,0.001399440000,   0.92000,
,,,0.001399460000,   0.92000,
,,,0.001399480000,   0.96000,
,,,0.001399500000,   0.96000,
,,,0.001399520000,   0.92000,
,,,0.001399540000,   0.88000,
,,,0.001399560000,   0.92000,
,,,0.001399580000,   0.92000,
,,,0.001399600000,   0.96000,
,,,0.001399620000,   0.96000,
,,,0.001399640000,   0.92000,
,,,0.001399660000,   0.96000,
,,,0.001399680000,   0.92000,
,,,0.001399700000,   0.96000,
,,,0.001399720000,   1.00000,
,,,0.001399740000,   0.96000,
,,,0.001399760000,   0.96000,
,,,0.001399780000,   0.92000,
,,,0.001399800000,   1.00000,
,,,0.001399820000,   1.04000,
,,,0.001399840000,   1.00000,
,,,0.001399860000,   1.00000,
,,,0.001399880000,   0.96000,
,,,0.001399900000,   0.92000,
,,,0.001399920000,   0.96000,
,,,0.001399940000,   1.00000,
,,,0.001399960000,   0.96000,
,,,0.001399980000,   0.96000,
,,,0.001400000000,   1.04000,
,,,0.001400020000,   1.00000,
,,,0.001400040000,   1.04000,
,,,0.001400060000,   1.00000,
,,,0.001400080000,   1.00000,
,,,0.001400100000,   0.96000,
,,,0.001400120000,   0.96000,
,,,0.001400140000,   0.92000,
,,,0.001400160000,   0.96000,
,,,0.001400180000,   1.04000,
,,,0.001400200000,   0.96000,
,,,0.001400220000,   1.00000,
,,,0.001400240000,   1.04000,
,,,0.001400260000,   1.04000,
,,,0.001400280000,   1.00000,
,,,0.001400300000,   1.04000,
,,,0.001400320000,   1.00000,
,,,0.001400340000,   0.96000,
,,,0.001400360000,   1.00000,
,,,0.001400380000,   1.04000,
,,,0.001400400000,   1.04000,
,,,0.001400420000,   1.04000,
,,,0.001400440000,   0.96000,
,,,0.001400460000,   1.00000,
,,,0.001400480000,   1.04000,
,,,0.001400500000,   1.00000,
,,,0.001400520000,   1.00000,
,,,0.001400540000,   1.00000,
,,,0.001400560000,   0.96000,
,,,0.001400580000,   1.04000,
,,,0.001400600000,   0.96000,
,,,0.001400620000,   0.96000,
,,,0.001400640000,   1.00000,
,,,0.001400660000,   1.00000,
,,,0.001400680000,   0.96000,
,,,0.001400700000,   0.96000,
,,,0.001400720000,   1.00000,
,,,0.001400740000,   1.00000,
,,,0.001400760000,   1.00000,
,,,0.001400780000,   1.00000,
,,,0.001400800000,   1.00000,
,,,0.001400820000,   1.00000,
,,,0.001400840000,   1.00000,
,,,0.001400860000,   1.00000,
,,,0.001400880000,   0.96000,
,,,0.001400900000,   0.96000,
,,,0.001400920000,   0.96000,
,,,0.001400940000,   0.96000,
,,,0.001400960000,   0.96000,
,,,0.001400980000,   1.00000,
,,,0.001401000000,   0.96000,
,,,0.001401020000,   1.00000,
,,,0.001401040000,   0.92000,
,,,0.001401060000,   0.96000,
,,,0.001401080000,   0.96000,
,,,0.001401100000,   1.00000,
,,,0.001401120000,   1.00000,
,,,0.001401140000,   0.96000,
,,,0.001401160000,   0.92000,
,,,0.001401180000,   0.96000,
,,,0.001401200000,   0.92000,
,,,0.001401220000,   0.92000,
,,,0.001401240000,   0.88000,
,,,0.001401260000,   0.96000,
,,,0.001401280000,   0.92000,
,,,0.001401300000,   0.92000,
,,,0.001401320000,   0.92000,
,,,0.001401340000,   0.96000,
,,,0.001401360000,   0.92000,
,,,0.001401380000,   0.92000,
,,,0.001401400000,   0.92000,
,,,0.001401420000,   0.92000,
,,,0.001401440000,   0.92000,
,,,0.001401460000,   0.92000,
,,,0.001401480000,   0.92000,
,,,0.001401500000,   0.88000,
,,,0.001401520000,   0.92000,
,,,0.001401540000,   0.88000,
,,,0.001401560000,   0.88000,
,,,0.001401580000,   0.84000,
,,,0.001401600000,   0.88000,
,,,0.001401620000,   0.88000,
,,,0.001401640000,   0.88000,
,,,0.001401660000,   0.84000,
,,,0.001401680000,   0.88000,
,,,0.001401700000,   0.88000,
,,,0.001401720000,   0.88000,
,,,0.001401740000,   0.88000,
,,,0.001401760000,   0.84000,
,,,0.001401780000,   0.84000,
,,,0.001401800000,   0.88000,
,,,0.001401820000,   0.84000,
,,,0.001401840000,   0.84000,
,,,0.001401860000,   0.84000,
,,,0.001401880000,   0.84000,
,,,0.001401900000,   0.84000,
,,,0.001401920000,   0.84000,
,,,0.001401940000,   0.84000,
,,,0.001401960000,   0.80000,
,,,0.001401980000,   0.84000,
,,,0.001402000000,   0.84000,
,,,0.001402020000,   0.80000,
,,,0.001402040000,   0.80000,
,,,0.001402060000,   0.80000,
,,,0.001402080000,   0.84000,
,,,0.001402100000,   0.80000,
,,,0.001402120000,   0.80000,
,,,0.001402140000,   0.72000,
,,,0.001402160000,   0.84000,
,,,0.001402180000,   0.80000,
,,,0.001402200000,   0.80000,
,,,0.001402220000,   0.76000,
,,,0.001402240000,   0.76000,
,,,0.001402260000,   0.76000,
,,,0.001402280000,   0.72000,
,,,0.001402300000,   0.76000,
,,,0.001402320000,   0.72000,
,,,0.001402340000,   0.72000,
,,,0.001402360000,   0.76000,
,,,0.001402380000,   0.76000,
,,,0.001402400000,   0.68000,
,,,0.001402420000,   0.72000,
,,,0.001402440000,   0.72000,
,,,0.001402460000,   0.72000,
,,,0.001402480000,   0.68000,
,,,0.001402500000,   0.72000,
,,,0.001402520000,   0.68000,
,,,0.001402540000,   0.68000,
,,,0.001402560000,   0.68000,
,,,0.001402580000,   0.68000,
,,,0.001402600000,   0.68000,
,,,0.001402620000,   0.68000,
,,,0.001402640000,   0.72000,
,,,0.001402660000,   0.64000,
,,,0.001402680000,   0.68000,
,,,0.001402700000,   0.68000,
,,,0.001402720000,   0.64000,
,,,0.001402740000,   0.64000,
,,,0.001402760000,   0.60000,
,,,0.001402780000,   0.64000,
,,,0.001402800000,   0.56000,
,,,0.001402820000,   0.60000,
,,,0.001402840000,   0.56000,
,,,0.001402860000,   0.56000,
,,,0.001402880000,   0.60000,
,,,0.001402900000,   0.60000,
,,,0.001402920000,   0.56000,
,,,0.001402940000,   0.60000,
,,,0.001402960000,   0.52000,
,,,0.001402980000,   0.56000,
,,,0.001403000000,   0.56000,
,,,0.001403020000,   0.56000,
,,,0.001403040000,   0.56000,
,,,0.001403060000,   0.52000,
,,,0.001403080000,   0.52000,
,,,0.001403100000,   0.52000,
,,,0.001403120000,   0.52000,
,,,0.001403140000,   0.48000,
,,,0.001403160000,   0.48000,
,,,0.001403180000,   0.48000,
,,,0.001403200000,   0.44000,
,,,0.001403220000,   0.48000,
,,,0.001403240000,   0.56000,
,,,0.001403260000,   0.48000,
,,,0.001403280000,   0.44000,
,,,0.001403300000,   0.48000,
,,,0.001403320000,   0.44000,
,,,0.001403340000,   0.44000,
,,,0.001403360000,   0.44000,
,,,0.001403380000,   0.44000,
,,,0.001403400000,   0.44000,
,,,0.001403420000,   0.36000,
,,,0.001403440000,   0.44000,
,,,0.001403460000,   0.40000,
,,,0.001403480000,   0.36000,
,,,0.001403500000,   0.40000,
,,,0.001403520000,   0.40000,
,,,0.001403540000,   0.36000,
,,,0.001403560000,   0.40000,
,,,0.001403580000,   0.40000,
,,,0.001403600000,   0.32000,
,,,0.001403620000,   0.36000,
,,,0.001403640000,   0.28000,
,,,0.001403660000,   0.36000,
,,,0.001403680000,   0.36000,
,,,0.001403700000,   0.32000,
,,,0.001403720000,   0.32000,
,,,0.001403740000,   0.32000,
,,,0.001403760000,   0.32000,
,,,0.001403780000,   0.28000,
,,,0.001403800000,   0.32000,
,,,0.001403820000,   0.28000,
,,,0.001403840000,   0.24000,
,,,0.001403860000,   0.28000,
,,,0.001403880000,   0.24000,
,,,0.001403900000,   0.28000,
,,,0.001403920000,   0.24000,
,,,0.001403940000,   0.20000,
,,,0.001403960000,   0.24000,
,,,0.001403980000,   0.24000,
,,,0.001404000000,   0.20000,
,,,0.001404020000,   0.20000,
,,,0.001404040000,   0.20000,
,,,0.001404060000,   0.24000,
,,,0.001404080000,   0.20000,
,,,0.001404100000,   0.16000,
,,,0.001404120000,   0.16000,
,,,0.001404140000,   0.16000,
,,,0.001404160000,   0.16000,
,,,0.001404180000,   0.12000,
,,,0.001404200000,   0.16000,
,,,0.001404220000,   0.12000,
,,,0.001404240000,   0.16000,
,,,0.001404260000,   0.08000,
,,,0.001404280000,   0.12000,
,,,0.001404300000,   0.12000,
,,,0.001404320000,   0.08000,
,,,0.001404340000,   0.08000,
,,,0.001404360000,   0.08000,
,,,0.001404380000,   0.04000,
,,,0.001404400000,   0.08000,
,,,0.001404420000,   0.04000,
,,,0.001404440000,   0.04000,
,,,0.001404460000,   0.00000,
,,,0.001404480000,   0.08000,
,,,0.001404500000,   0.04000,
,,,0.001404520000,   0.00000,
,,,0.001404540000,   0.00000,
,,,0.001404560000,   0.00000,
,,,0.001404580000,   0.00000,
,,,0.001404600000,  -0.04000,
,,,0.001404620000,  -0.04000,
,,,0.001404640000,  -0.04000,
,,,0.001404660000,  -0.04000,
,,,0.001404680000,   0.00000,
,,,0.001404700000,  -0.04000,
,,,0.001404720000,  -0.08000,
,,,0.001404740000,  -0.12000,
,,,0.001404760000,  -0.08000,
,,,0.001404780000,  -0.08000,
,,,0.001404800000,  -0.08000,
,,,0.001404820000,  -0.12000,
,,,0.001404840000,  -0.12000,
,,,0.001404860000,  -0.08000,
,,,0.001404880000,  -0.08000,
,,,0.001404900000,  -0.12000,
,,,0.001404920000,  -0.16000,
,,,0.001404940000,  -0.12000,
,,,0.001404960000,  -0.16000,
,,,0.001404980000,  -0.20000,
,,,0.001405000000,  -0.16000,
,,,0.001405020000,  -0.20000,
,,,0.001405040000,  -0.12000,
,,,0.001405060000,  -0.16000,
,,,0.001405080000,  -0.24000,
,,,0.001405100000,  -0.20000,
,,,0.001405120000,  -0.20000,
,,,0.001405140000,  -0.20000,
,,,0.001405160000,  -0.24000,
,,,0.001405180000,  -0.24000,
,,,0.001405200000,  -0.28000,
,,,0.001405220000,  -0.24000,
,,,0.001405240000,  -0.28000,
,,,0.001405260000,  -0.24000,
,,,0.001405280000,  -0.24000,
,,,0.001405300000,  -0.32000,
,,,0.001405320000,  -0.24000,
,,,0.001405340000,  -0.32000,
,,,0.001405360000,  -0.28000,
,,,0.001405380000,  -0.28000,
,,,0.001405400000,  -0.32000,
,,,0.001405420000,  -0.28000,
,,,0.001405440000,  -0.32000,
,,,0.001405460000,  -0.36000,
,,,0.001405480000,  -0.36000,
,,,0.001405500000,  -0.36000,
,,,0.001405520000,  -0.32000,
,,,0.001405540000,  -0.40000,
,,,0.001405560000,  -0.36000,
,,,0.001405580000,  -0.40000,
,,,0.001405600000,  -0.36000,
,,,0.001405620000,  -0.40000,
,,,0.001405640000,  -0.40000,
,,,0.001405660000,  -0.40000,
,,,0.001405680000,  -0.36000,
,,,0.001405700000,  -0.44000,
,,,0.001405720000,  -0.44000,
,,,0.001405740000,  -0.44000,
,,,0.001405760000,  -0.48000,
,,,0.001405780000,  -0.44000,
,,,0.001405800000,  -0.44000,
,,,0.001405820000,  -0.52000,
,,,0.001405840000,  -0.48000,
,,,0.001405860000,  -0.48000,
,,,0.001405880000,  -0.44000,
,,,0.001405900000,  -0.52000,
,,,0.001405920000,  -0.48000,
,,,0.001405940000,  -0.48000,
,,,0.001405960000,  -0.52000,
,,,0.001405980000,  -0.56000,
,,,0.001406000000,  -0.56000,
,,,0.001406020000,  -0.56000,
,,,0.001406040000,  -0.52000,
,,,0.001406060000,  -0.56000,
,,,0.001406080000,  -0.52000,
,,,0.001406100000,  -0.56000,
,,,0.001406120000,  -0.56000,
,,,0.001406140000,  -0.56000,
,,,0.001406160000,  -0.56000,
,,,0.001406180000,  -0.56000,
,,,0.001406200000,  -0.56000,
,,,0.001406220000,  -0.64000,
,,,0.001406240000,  -0.60000,
,,,0.001406260000,  -0.60000,
,,,0.001406280000,  -0.60000,
,,,0.001406300000,  -0.64000,
,,,0.001406320000,  -0.64000,
,,,0.001406340000,  -0.64000,
,,,0.001406360000,  -0.64000,
,,,0.001406380000,  -0.68000,
,,,0.001406400000,  -0.68000,
,,,0.001406420000,  -0.64000,
,,,0.001406440000,  -0.68000,
,,,0.001406460000,  -0.68000,
,,,0.001406480000,  -0.64000,
,,,0.001406500000,  -0.72000,
,,,0.001406520000,  -0.72000,
,,,0.001406540000,  -0.64000,
,,,0.001406560000,  -0.72000,
,,,0.001406580000,  -0.72000,
,,,0.001406600000,  -0.64000,
,,,0.001406620000,  -0.76000,
,,,0.001406640000,  -0.76000,
,,,0.001406660000,  -0.68000,
,,,0.001406680000,  -0.72000,
,,,0.001406700000,  -0.76000,
,,,0.001406720000,  -0.76000,
,,,0.001406740000,  -0.80000,
,,,0.001406760000,  -0.76000,
,,,0.001406780000,  -0.76000,
,,,0.001406800000,  -0.76000,
,,,0.001406820000,  -0.80000,
,,,0.001406840000,  -0.76000,
,,,0.001406860000,  -0.76000,
,,,0.001406880000,  -0.80000,
,,,0.001406900000,  -0.84000,
,,,0.001406920000,  -0.88000,
,,,0.001406940000,  -0.80000,
,,,0.001406960000,  -0.84000,
,,,0.001406980000,  -0.84000,
,,,0.001407000000,  -0.84000,
,,,0.001407020000,  -0.84000,
,,,0.001407040000,  -0.84000,
,,,0.001407060000,  -0.88000,
,,,0.001407080000,  -0.84000,
,,,0.001407100000,  -0.84000,
,,,0.001407120000,  -0.88000,
,,,0.001407140000,  -0.84000,
,,,0.001407160000,  -0.88000,
,,,0.001407180000,  -0.88000,
,,,0.001407200000,  -0.80000,
,,,0.001407220000,  -0.88000,
,,,0.001407240000,  -0.88000,
,,,0.001407260000,  -0.88000,
,,,0.001407280000,  -0.92000,
,,,0.001407300000,  -0.88000,
,,,0.001407320000,  -0.92000,
,,,0.001407340000,  -0.92000,
,,,0.001407360000,  -0.88000,
,,,0.001407380000,  -0.96000,
,,,0.001407400000,  -0.88000,
,,,0.001407420000,  -0.96000,
,,,0.001407440000,  -0.96000,
,,,0.001407460000,  -1.00000,
,,,0.001407480000,  -0.88000,
,,,0.001407500000,  -0.96000,
,,,0.001407520000,  -0.92000,
,,,0.001407540000,  -0.92000,
,,,0.001407560000,  -0.92000,
,,,0.001407580000,  -0.96000,
,,,0.001407600000,  -1.00000,
,,,0.001407620000,  -1.00000,
,,,0.001407640000,  -1.00000,
,,,0.001407660000,  -1.00000,
,,,0.001407680000,  -1.00000,
,,,0.001407700000,  -0.96000,
,,,0.001407720000,  -0.96000,
,,,0.001407740000,  -0.96000,
,,,0.001407760000,  -1.00000,
,,,0.001407780000,  -1.04000,
,,,0.001407800000,  -0.96000,
,,,0.001407820000,  -0.96000,
,,,0.001407840000,  -1.04000,
,,,0.001407860000,  -1.04000,
,,,0.001407880000,  -1.04000,
,,,0.001407900000,  -1.04000,
,,,0.001407920000,  -1.00000,
,,,0.001407940000,  -1.04000,
,,,0.001407960000,  -1.00000,
,,,0.001407980000,  -1.00000,
,,,0.001408000000,  -1.08000,
,,,0.001408020000,  -1.04000,
,,,0.001408040000,  -1.04000,
,,,0.001408060000,  -1.04000,
,,,0.001408080000,  -1.04000,
,,,0.001408100000,  -1.08000,
,,,0.001408120000,  -1.04000,
,,,0.001408140000,  -1.04000,
,,,0.001408160000,  -1.00000,
,,,0.001408180000,  -1.08000,
,,,0.001408200000,  -1.04000,
,,,0.001408220000,  -1.00000,
,,,0.001408240000,  -1.04000,
,,,0.001408260000,  -1.00000,
,,,0.001408280000,  -1.12000,
,,,0.001408300000,  -1.04000,
,,,0.001408320000,  -1.08000,
,,,0.001408340000,  -1.08000,
,,,0.001408360000,  -1.08000,
,,,0.001408380000,  -1.08000,
