Record Length,2.500000e+03,,   0.001342800000,  -0.80000,
Sample Interval,4.000000e-08,,   0.001342840000,  -0.80000,
Trigger Point,-3.357000000000e+04,,   0.001342880000,  -0.88000,
,,,   0.001342920000,  -0.80000,
,,,   0.001342960000,  -0.80000,
,,,   0.001343000000,  -0.80000,
Source,MATH,,   0.001343040000,  -0.88000,
Vertical Units,V,,   0.001343080000,  -0.88000,
Vertical Scale,2.000000e+00,,   0.001343120000,  -0.80000,
Vertical Offset,0.000000e+00,,   0.001343160000,  -0.80000,
Horizontal Units,s,,   0.001343200000,  -0.80000,
Horizontal Scale,1.000000e-05,,   0.001343240000,  -0.80000,
Pt Fmt,Y,,   0.001343280000,  -0.80000,
Yzero,0.000000e+00,,   0.001343320000,  -0.80000,
Probe Atten,1.000000e+00,,   0.001343360000,  -0.80000,
Model Number,TDS1002B,,   0.001343400000,  -0.80000,
Serial Number,C010776,,   0.001343440000,  -0.88000,
Firmware Version,FV:v21.20,,   0.001343480000,  -0.80000,
,,,0.001343520000,  -0.80000,
,,,0.001343560000,  -0.80000,
,,,0.001343600000,  -0.80000,
,,,0.001343640000,  -0.72000,
,,,0.001343680000,  -0.80000,
,,,0.001343720000,  -0.80000,
,,,0.001343760000,  -0.80000,
,,,0.001343800000,  -0.80000,
,,,0.001343840000,  -0.72000,
,,,0.001343880000,  -0.80000,
,,,0.001343920000,  -0.80000,
,,,0.001343960000,  -0.80000,
,,,0.001344000000,  -0.80000,
,,,0.001344040000,  -0.72000,
,,,0.001344080000,  -0.72000,
,,,0.001344120000,  -0.72000,
,,,0.001344160000,  -0.80000,
,,,0.001344200000,  -0.72000,
,,,0.001344240000,  -0.72000,
,,,0.001344280000,  -0.72000,
,,,0.001344320000,  -0.72000,
,,,0.001344360000,  -0.80000,
,,,0.001344400000,  -0.72000,
,,,0.001344440000,  -0.80000,
,,,0.001344480000,  -0.72000,
,,,0.001344520000,  -0.72000,
,,,0.001344560000,  -0.72000,
,,,0.001344600000,  -0.72000,
,,,0.001344640000,  -0.64000,
,,,0.001344680000,  -0.80000,
,,,0.001344720000,  -0.72000,
,,,0.001344760000,  -0.72000,
,,,0.001344800000,  -0.72000,
,,,0.001344840000,  -0.72000,
,,,0.001344880000,  -0.64000,
,,,0.001344920000,  -0.64000,
,,,0.001344960000,  -0.72000,
,,,0.001345000000,  -0.72000,
,,,0.001345040000,  -0.64000,
,,,0.001345080000,  -0.72000,
,,,0.001345120000,  -0.64000,
,,,0.001345160000,  -0.64000,
,,,0.001345200000,  -0.64000,
,,,0.001345240000,  -0.72000,
,,,0.001345280000,  -0.64000,
,,,0.001345320000,  -0.72000,
,,,0.001345360000,  -0.64000,
,,,0.001345400000,  -0.56000,
,,,0.001345440000,  -0.72000,
,,,0.001345480000,  -0.64000,
,,,0.001345520000,  -0.64000,
,,,0.001345560000,  -0.64000,
,,,0.001345600000,  -0.64000,
,,,0.001345640000,  -0.56000,
,,,0.001345680000,  -0.64000,
,,,0.001345720000,  -0.64000,
,,,0.001345760000,  -0.56000,
,,,0.001345800000,  -0.56000,
,,,0.001345840000,  -0.64000,
,,,0.001345880000,  -0.56000,
,,,0.001345920000,  -0.56000,
,,,0.001345960000,  -0.56000,
,,,0.001346000000,  -0.56000,
,,,0.001346040000,  -0.56000,
,,,0.001346080000,  -0.56000,
,,,0.001346120000,  -0.48000,
,,,0.001346160000,  -0.56000,
,,,0.001346200000,  -0.56000,
,,,0.001346240000,  -0.56000,
,,,0.001346280000,  -0.48000,
,,,0.001346320000,  -0.56000,
,,,0.001346360000,  -0.56000,
,,,0.001346400000,  -0.56000,
,,,0.001346440000,  -0.48000,
,,,0.001346480000,  -0.48000,
,,,0.001346520000,  -0.56000,
,,,0.001346560000,  -0.48000,
,,,0.001346600000,  -0.48000,
,,,0.001346640000,  -0.48000,
,,,0.001346680000,  -0.56000,
,,,0.001346720000,  -0.48000,
,,,0.001346760000,  -0.48000,
,,,0.001346800000,  -0.48000,
,,,0.001346840000,  -0.40000,
,,,0.001346880000,  -0.48000,
,,,0.001346920000,  -0.48000,
,,,0.001346960000,  -0.40000,
,,,0.001347000000,  -0.48000,
,,,0.001347040000,  -0.40000,
,,,0.001347080000,  -0.40000,
,,,0.001347120000,  -0.48000,
,,,0.001347160000,  -0.40000,
,,,0.001347200000,  -0.40000,
,,,0.001347240000,  -0.32000,
,,,0.001347280000,  -0.40000,
,,,0.001347320000,  -0.40000,
,,,0.001347360000,  -0.48000,
,,,0.001347400000,  -0.48000,
,,,0.001347440000,  -0.32000,
,,,0.001347480000,  -0.40000,
,,,0.001347520000,  -0.40000,
,,,0.001347560000,  -0.24000,
,,,0.001347600000,  -0.32000,
,,,0.001347640000,  -0.32000,
,,,0.001347680000,  -0.32000,
,,,0.001347720000,  -0.40000,
,,,0.001347760000,  -0.40000,
,,,0.001347800000,  -0.32000,
,,,0.001347840000,  -0.32000,
,,,0.001347880000,  -0.32000,
,,,0.001347920000,  -0.32000,
,,,0.001347960000,  -0.32000,
,,,0.001348000000,  -0.24000,
,,,0.001348040000,  -0.24000,
,,,0.001348080000,  -0.24000,
,,,0.001348120000,  -0.24000,
,,,0.001348160000,  -0.24000,
,,,0.001348200000,  -0.24000,
,,,0.001348240000,  -0.24000,
,,,0.001348280000,  -0.24000,
,,,0.001348320000,  -0.24000,
,,,0.001348360000,  -0.32000,
,,,0.001348400000,  -0.24000,
,,,0.001348440000,  -0.24000,
,,,0.001348480000,  -0.32000,
,,,0.001348520000,  -0.08000,
,,,0.001348560000,  -0.24000,
,,,0.001348600000,  -0.24000,
,,,0.001348640000,  -0.24000,
,,,0.001348680000,  -0.16000,
,,,0.001348720000,  -0.16000,
,,,0.001348760000,  -0.16000,
,,,0.001348800000,  -0.16000,
,,,0.001348840000,  -0.08000,
,,,0.001348880000,  -0.08000,
,,,0.001348920000,  -0.24000,
,,,0.001348960000,  -0.08000,
,,,0.001349000000,  -0.08000,
,,,0.001349040000,  -0.16000,
,,,0.001349080000,  -0.08000,
,,,0.001349120000,  -0.08000,
,,,0.001349160000,  -0.08000,
,,,0.001349200000,  -0.08000,
,,,0.001349240000,  -0.16000,
,,,0.001349280000,  -0.16000,
,,,0.001349320000,  -0.08000,
,,,0.001349360000,   0.00000,
,,,0.001349400000,  -0.08000,
,,,0.001349440000,  -0.16000,
,,,0.001349480000,   0.00000,
,,,0.001349520000,   0.00000,
,,,0.001349560000,  -0.08000,
,,,0.001349600000,   0.00000,
,,,0.001349640000,   0.00000,
,,,0.001349680000,  -0.08000,
,,,0.001349720000,   0.00000,
,,,0.001349760000,   0.00000,
,,,0.001349800000,   0.00000,
,,,0.001349840000,   0.00000,
,,,0.001349880000,   0.00000,
,,,0.001349920000,   0.00000,
,,,0.001349960000,   0.00000,
,,,0.001350000000,   0.00000,
,,,0.001350040000,   0.08000,
,,,0.001350080000,   0.08000,
,,,0.001350120000,   0.08000,
,,,0.001350160000,   0.00000,
,,,0.001350200000,   0.08000,
,,,0.001350240000,   0.08000,
,,,0.001350280000,   0.08000,
,,,0.001350320000,   0.00000,
,,,0.001350360000,   0.00000,
,,,0.001350400000,   0.08000,
,,,0.001350440000,   0.08000,
,,,0.001350480000,   0.08000,
,,,0.001350520000,   0.16000,
,,,0.001350560000,   0.16000,
,,,0.001350600000,   0.08000,
,,,0.001350640000,   0.16000,
,,,0.001350680000,   0.16000,
,,,0.001350720000,   0.08000,
,,,0.001350760000,   0.16000,
,,,0.001350800000,   0.16000,
,,,0.001350840000,   0.16000,
,,,0.001350880000,   0.16000,
,,,0.001350920000,   0.16000,
,,,0.001350960000,   0.08000,
,,,0.001351000000,   0.16000,
,,,0.001351040000,   0.16000,
,,,0.001351080000,   0.16000,
,,,0.001351120000,   0.24000,
,,,0.001351160000,   0.16000,
,,,0.001351200000,   0.32000,
,,,0.001351240000,   0.24000,
,,,0.001351280000,   0.32000,
,,,0.001351320000,   0.16000,
,,,0.001351360000,   0.24000,
,,,0.001351400000,   0.24000,
,,,0.001351440000,   0.24000,
,,,0.001351480000,   0.24000,
,,,0.001351520000,   0.32000,
,,,0.001351560000,   0.32000,
,,,0.001351600000,   0.24000,
,,,0.001351640000,   0.24000,
,,,0.001351680000,   0.24000,
,,,0.001351720000,   0.24000,
,,,0.001351760000,   0.32000,
,,,0.001351800000,   0.32000,
,,,0.001351840000,   0.32000,
,,,0.001351880000,   0.32000,
,,,0.001351920000,   0.32000,
,,,0.001351960000,   0.40000,
,,,0.001352000000,   0.40000,
,,,0.001352040000,   0.40000,
,,,0.001352080000,   0.32000,
,,,0.001352120000,   0.32000,
,,,0.001352160000,   0.32000,
,,,0.001352200000,   0.40000,
,,,0.001352240000,   0.32000,
,,,0.001352280000,   0.40000,
,,,0.001352320000,   0.40000,
,,,0.001352360000,   0.40000,
,,,0.001352400000,   0.40000,
,,,0.001352440000,   0.40000,
,,,0.001352480000,   0.48000,
,,,0.001352520000,   0.48000,
,,,0.001352560000,   0.48000,
,,,0.001352600000,   0.40000,
,,,0.001352640000,   0.40000,
,,,0.001352680000,   0.40000,
,,,0.001352720000,   0.40000,
,,,0.001352760000,   0.48000,
,,,0.001352800000,   0.48000,
,,,0.001352840000,   0.48000,
,,,0.001352880000,   0.40000,
,,,0.001352920000,   0.48000,
,,,0.001352960000,   0.48000,
,,,0.001353000000,   0.56000,
,,,0.001353040000,   0.48000,
,,,0.001353080000,   0.48000,
,,,0.001353120000,   0.56000,
,,,0.001353160000,   0.48000,
,,,0.001353200000,   0.48000,
,,,0.001353240000,   0.56000,
,,,0.001353280000,   0.48000,
,,,0.001353320000,   0.56000,
,,,0.001353360000,   0.56000,
,,,0.001353400000,   0.48000,
,,,0.001353440000,   0.56000,
,,,0.001353480000,   0.56000,
,,,0.001353520000,   0.48000,
,,,0.001353560000,   0.56000,
,,,0.001353600000,   0.56000,
,,,0.001353640000,   0.56000,
,,,0.001353680000,   0.56000,
,,,0.001353720000,   0.56000,
,,,0.001353760000,   0.56000,
,,,0.001353800000,   0.56000,
,,,0.001353840000,   0.56000,
,,,0.001353880000,   0.64000,
,,,0.001353920000,   0.56000,
,,,0.001353960000,   0.56000,
,,,0.001354000000,   0.56000,
,,,0.001354040000,   0.64000,
,,,0.001354080000,   0.64000,
,,,0.001354120000,   0.56000,
,,,0.001354160000,   0.72000,
,,,0.001354200000,   0.56000,
,,,0.001354240000,   0.64000,
,,,0.001354280000,   0.56000,
,,,0.001354320000,   0.64000,
,,,0.001354360000,   0.64000,
,,,0.001354400000,   0.64000,
,,,0.001354440000,   0.64000,
,,,0.001354480000,   0.64000,
,,,0.001354520000,   0.64000,
,,,0.001354560000,   0.64000,
,,,0.001354600000,   0.64000,
,,,0.001354640000,   0.64000,
,,,0.001354680000,   0.72000,
,,,0.001354720000,   0.64000,
,,,0.001354760000,   0.72000,
,,,0.001354800000,   0.72000,
,,,0.001354840000,   0.72000,
,,,0.001354880000,   0.72000,
,,,0.001354920000,   0.72000,
,,,0.001354960000,   0.64000,
,,,0.001355000000,   0.72000,
,,,0.001355040000,   0.72000,
,,,0.001355080000,   0.64000,
,,,0.001355120000,   0.72000,
,,,0.001355160000,   0.72000,
,,,0.001355200000,   0.64000,
,,,0.001355240000,   0.72000,
,,,0.001355280000,   0.64000,
,,,0.001355320000,   0.72000,
,,,0.001355360000,   0.72000,
,,,0.001355400000,   0.72000,
,,,0.001355440000,   0.72000,
,,,0.001355480000,   0.80000,
,,,0.001355520000,   0.72000,
,,,0.001355560000,   0.80000,
,,,0.001355600000,   0.72000,
,,,0.001355640000,   0.72000,
,,,0.001355680000,   0.64000,
,,,0.001355720000,   0.80000,
,,,0.001355760000,   0.80000,
,,,0.001355800000,   0.72000,
,,,0.001355840000,   0.80000,
,,,0.001355880000,   0.72000,
,,,0.001355920000,   0.72000,
,,,0.001355960000,   0.72000,
,,,0.001356000000,   0.72000,
,,,0.001356040000,   0.80000,
,,,0.001356080000,   0.80000,
,,,0.001356120000,   0.80000,
,,,0.001356160000,   0.80000,
,,,0.001356200000,   0.80000,
,,,0.001356240000,   0.72000,
,,,0.001356280000,   0.80000,
,,,0.001356320000,   0.80000,
,,,0.001356360000,   0.80000,
,,,0.001356400000,   0.80000,
,,,0.001356440000,   0.80000,
,,,0.001356480000,   0.80000,
,,,0.001356520000,   0.80000,
,,,0.001356560000,   0.80000,
,,,0.001356600000,   0.80000,
,,,0.001356640000,   0.80000,
,,,0.001356680000,   0.80000,
,,,0.001356720000,   0.80000,
,,,0.001356760000,   0.80000,
,,,0.001356800000,   0.80000,
,,,0.001356840000,   0.80000,
,,,0.001356880000,   0.80000,
,,,0.001356920000,   0.80000,
,,,0.001356960000,   0.88000,
,,,0.001357000000,   0.72000,
,,,0.001357040000,   0.80000,
,,,0.001357080000,   0.80000,
,,,0.001357120000,   0.80000,
,,,0.001357160000,   0.80000,
,,,0.001357200000,   0.80000,
,,,0.001357240000,   0.80000,
,,,0.001357280000,   0.88000,
,,,0.001357320000,   0.80000,
,,,0.001357360000,   0.80000,
,,,0.001357400000,   0.80000,
,,,0.001357440000,   0.80000,
,,,0.001357480000,   0.80000,
,,,0.001357520000,   0.80000,
,,,0.001357560000,   0.88000,
,,,0.001357600000,   0.80000,
,,,0.001357640000,   0.80000,
,,,0.001357680000,   0.88000,
,,,0.001357720000,   0.96000,
,,,0.001357760000,   0.80000,
,,,0.001357800000,   0.80000,
,,,0.001357840000,   0.88000,
,,,0.001357880000,   0.88000,
,,,0.001357920000,   0.88000,
,,,0.001357960000,   0.80000,
,,,0.001358000000,   0.80000,
,,,0.001358040000,   0.80000,
,,,0.001358080000,   0.80000,
,,,0.001358120000,   0.80000,
,,,0.001358160000,   0.88000,
,,,0.001358200000,   0.88000,
,,,0.001358240000,   0.80000,
,,,0.001358280000,   0.80000,
,,,0.001358320000,   0.80000,
,,,0.001358360000,   0.80000,
,,,0.001358400000,   0.88000,
,,,0.001358440000,   0.80000,
,,,0.001358480000,   0.80000,
,,,0.001358520000,   0.80000,
,,,0.001358560000,   0.80000,
,,,0.001358600000,   0.80000,
,,,0.001358640000,   0.80000,
,,,0.001358680000,   0.80000,
,,,0.001358720000,   0.80000,
,,,0.001358760000,   0.88000,
,,,0.001358800000,   0.80000,
,,,0.001358840000,   0.88000,
,,,0.001358880000,   0.80000,
,,,0.001358920000,   0.80000,
,,,0.001358960000,   0.80000,
,,,0.001359000000,   0.80000,
,,,0.001359040000,   0.80000,
,,,0.001359080000,   0.72000,
,,,0.001359120000,   0.80000,
,,,0.001359160000,   0.88000,
,,,0.001359200000,   0.80000,
,,,0.001359240000,   0.80000,
,,,0.001359280000,   0.72000,
,,,0.001359320000,   0.72000,
,,,0.001359360000,   0.80000,
,,,0.001359400000,   0.80000,
,,,0.001359440000,   0.80000,
,,,0.001359480000,   0.72000,
,,,0.001359520000,   0.72000,
,,,0.001359560000,   0.80000,
,,,0.001359600000,   0.80000,
,,,0.001359640000,   0.80000,
,,,0.001359680000,   0.80000,
,,,0.001359720000,   0.80000,
,,,0.001359760000,   0.80000,
,,,0.001359800000,   0.88000,
,,,0.001359840000,   0.72000,
,,,0.001359880000,   0.80000,
,,,0.001359920000,   0.80000,
,,,0.001359960000,   0.80000,
,,,0.001360000000,   0.72000,
,,,0.001360040000,   0.72000,
,,,0.001360080000,   0.80000,
,,,0.001360120000,   0.80000,
,,,0.001360160000,   0.80000,
,,,0.001360200000,   0.80000,
,,,0.001360240000,   0.72000,
,,,0.001360280000,   0.80000,
,,,0.001360320000,   0.80000,
,,,0.001360360000,   0.80000,
,,,0.001360400000,   0.72000,
,,,0.001360440000,   0.64000,
,,,0.001360480000,   0.72000,
,,,0.001360520000,   0.72000,
,,,0.001360560000,   0.72000,
,,,0.001360600000,   0.72000,
,,,0.001360640000,   0.72000,
,,,0.001360680000,   0.72000,
,,,0.001360720000,   0.80000,
,,,0.001360760000,   0.80000,
,,,0.001360800000,   0.72000,
,,,0.001360840000,   0.72000,
,,,0.001360880000,   0.72000,
,,,0.001360920000,   0.72000,
,,,0.001360960000,   0.72000,
,,,0.001361000000,   0.64000,
,,,0.001361040000,   0.72000,
,,,0.001361080000,   0.64000,
,,,0.001361120000,   0.64000,
,,,0.001361160000,   0.64000,
,,,0.001361200000,   0.64000,
,,,0.001361240000,   0.72000,
,,,0.001361280000,   0.64000,
,,,0.001361320000,   0.64000,
,,,0.001361360000,   0.72000,
,,,0.001361400000,   0.64000,
,,,0.001361440000,   0.64000,
,,,0.001361480000,   0.64000,
,,,0.001361520000,   0.64000,
,,,0.001361560000,   0.72000,
,,,0.001361600000,   0.72000,
,,,0.001361640000,   0.64000,
,,,0.001361680000,   0.64000,
,,,0.001361720000,   0.64000,
,,,0.001361760000,   0.64000,
,,,0.001361800000,   0.64000,
,,,0.001361840000,   0.64000,
,,,0.001361880000,   0.64000,
,,,0.001361920000,   0.64000,
,,,0.001361960000,   0.56000,
,,,0.001362000000,   0.64000,
,,,0.001362040000,   0.64000,
,,,0.001362080000,   0.56000,
,,,0.001362120000,   0.56000,
,,,0.001362160000,   0.64000,
,,,0.001362200000,   0.56000,
,,,0.001362240000,   0.56000,
,,,0.001362280000,   0.56000,
,,,0.001362320000,   0.56000,
,,,0.001362360000,   0.56000,
,,,0.001362400000,   0.56000,
,,,0.001362440000,   0.64000,
,,,0.001362480000,   0.64000,
,,,0.001362520000,   0.56000,
,,,0.001362560000,   0.56000,
,,,0.001362600000,   0.56000,
,,,0.001362640000,   0.48000,
,,,0.001362680000,   0.48000,
,,,0.001362720000,   0.48000,
,,,0.001362760000,   0.56000,
,,,0.001362800000,   0.56000,
,,,0.001362840000,   0.48000,
,,,0.001362880000,   0.48000,
,,,0.001362920000,   0.56000,
,,,0.001362960000,   0.48000,
,,,0.001363000000,   0.48000,
,,,0.001363040000,   0.48000,
,,,0.001363080000,   0.40000,
,,,0.001363120000,   0.40000,
,,,0.001363160000,   0.48000,
,,,0.001363200000,   0.48000,
,,,0.001363240000,   0.48000,
,,,0.001363280000,   0.48000,
,,,0.001363320000,   0.40000,
,,,0.001363360000,   0.48000,
,,,0.001363400000,   0.48000,
,,,0.001363440000,   0.40000,
,,,0.001363480000,   0.40000,
,,,0.001363520000,   0.40000,
,,,0.001363560000,   0.48000,
,,,0.001363600000,   0.32000,
,,,0.001363640000,   0.40000,
,,,0.001363680000,   0.40000,
,,,0.001363720000,   0.40000,
,,,0.001363760000,   0.40000,
,,,0.001363800000,   0.32000,
,,,0.001363840000,   0.32000,
,,,0.001363880000,   0.40000,
,,,0.001363920000,   0.40000,
,,,0.001363960000,   0.32000,
,,,0.001364000000,   0.32000,
,,,0.001364040000,   0.32000,
,,,0.001364080000,   0.32000,
,,,0.001364120000,   0.32000,
,,,0.001364160000,   0.32000,
,,,0.001364200000,   0.32000,
,,,0.001364240000,   0.32000,
,,,0.001364280000,   0.32000,
,,,0.001364320000,   0.32000,
,,,0.001364360000,   0.32000,
,,,0.001364400000,   0.32000,
,,,0.001364440000,   0.32000,
,,,0.001364480000,   0.32000,
,,,0.001364520000,   0.32000,
,,,0.001364560000,   0.24000,
,,,0.001364600000,   0.24000,
,,,0.001364640000,   0.24000,
,,,0.001364680000,   0.24000,
,,,0.001364720000,   0.32000,
,,,0.001364760000,   0.24000,
,,,0.001364800000,   0.16000,
,,,0.001364840000,   0.24000,
,,,0.001364880000,   0.16000,
,,,0.001364920000,   0.16000,
,,,0.001364960000,   0.16000,
,,,0.001365000000,   0.16000,
,,,0.001365040000,   0.16000,
,,,0.001365080000,   0.16000,
,,,0.001365120000,   0.16000,
,,,0.001365160000,   0.24000,
,,,0.001365200000,   0.16000,
,,,0.001365240000,   0.16000,
,,,0.001365280000,   0.16000,
,,,0.001365320000,   0.16000,
,,,0.001365360000,   0.16000,
,,,0.001365400000,   0.08000,
,,,0.001365440000,   0.16000,
,,,0.001365480000,   0.08000,
,,,0.001365520000,   0.08000,
,,,0.001365560000,   0.08000,
,,,0.001365600000,   0.08000,
,,,0.001365640000,   0.08000,
,,,0.001365680000,   0.08000,
,,,0.001365720000,   0.08000,
,,,0.001365760000,   0.16000,
,,,0.001365800000,   0.08000,
,,,0.001365840000,   0.08000,
,,,0.001365880000,   0.08000,
,,,0.001365920000,   0.00000,
,,,0.001365960000,   0.16000,
,,,0.001366000000,   0.08000,
,,,0.001366040000,   0.08000,
,,,0.001366080000,   0.00000,
,,,0.001366120000,   0.00000,
,,,0.001366160000,   0.00000,
,,,0.001366200000,   0.00000,
,,,0.001366240000,   0.00000,
,,,0.001366280000,   0.00000,
,,,0.001366320000,   0.00000,
,,,0.001366360000,  -0.08000,
,,,0.001366400000,   0.00000,
,,,0.001366440000,   0.00000,
,,,0.001366480000,   0.00000,
,,,0.001366520000,  -0.08000,
,,,0.001366560000,  -0.08000,
,,,0.001366600000,  -0.08000,
,,,0.001366640000,  -0.08000,
,,,0.001366680000,  -0.08000,
,,,0.001366720000,  -0.08000,
,,,0.001366760000,   0.00000,
,,,0.001366800000,  -0.08000,
,,,0.001366840000,  -0.08000,
,,,0.001366880000,  -0.08000,
,,,0.001366920000,  -0.16000,
,,,0.001366960000,  -0.08000,
,,,0.001367000000,  -0.16000,
,,,0.001367040000,  -0.16000,
,,,0.001367080000,  -0.08000,
,,,0.001367120000,  -0.16000,
,,,0.001367160000,  -0.16000,
,,,0.001367200000,  -0.16000,
,,,0.001367240000,  -0.16000,
,,,0.001367280000,  -0.16000,
,,,0.001367320000,  -0.16000,
,,,0.001367360000,  -0.08000,
,,,0.001367400000,  -0.16000,
,,,0.001367440000,  -0.16000,
,,,0.001367480000,  -0.32000,
,,,0.001367520000,  -0.24000,
,,,0.001367560000,  -0.24000,
,,,0.001367600000,  -0.24000,
,,,0.001367640000,  -0.24000,
,,,0.001367680000,  -0.16000,
,,,0.001367720000,  -0.24000,
,,,0.001367760000,  -0.24000,
,,,0.001367800000,  -0.24000,
,,,0.001367840000,  -0.24000,
,,,0.001367880000,  -0.24000,
,,,0.001367920000,  -0.32000,
,,,0.001367960000,  -0.32000,
,,,0.001368000000,  -0.24000,
,,,0.001368040000,  -0.32000,
,,,0.001368080000,  -0.32000,
,,,0.001368120000,  -0.24000,
,,,0.001368160000,  -0.32000,
,,,0.001368200000,  -0.24000,
,,,0.001368240000,  -0.32000,
,,,0.001368280000,  -0.32000,
,,,0.001368320000,  -0.32000,
,,,0.001368360000,  -0.32000,
,,,0.001368400000,  -0.32000,
,,,0.001368440000,  -0.40000,
,,,0.001368480000,  -0.32000,
,,,0.001368520000,  -0.40000,
,,,0.001368560000,  -0.40000,
,,,0.001368600000,  -0.40000,
,,,0.001368640000,  -0.32000,
,,,0.001368680000,  -0.32000,
,,,0.001368720000,  -0.40000,
,,,0.001368760000,  -0.40000,
,,,0.001368800000,  -0.48000,
,,,0.001368840000,  -0.40000,
,,,0.001368880000,  -0.48000,
,,,0.001368920000,  -0.40000,
,,,0.001368960000,  -0.40000,
,,,0.001369000000,  -0.48000,
,,,0.001369040000,  -0.40000,
,,,0.001369080000,  -0.48000,
,,,0.001369120000,  -0.40000,
,,,0.001369160000,  -0.40000,
,,,0.001369200000,  -0.40000,
,,,0.001369240000,  -0.40000,
,,,0.001369280000,  -0.40000,
,,,0.001369320000,  -0.48000,
,,,0.001369360000,  -0.48000,
,,,0.001369400000,  -0.40000,
,,,0.001369440000,  -0.48000,
,,,0.001369480000,  -0.48000,
,,,0.001369520000,  -0.48000,
,,,0.001369560000,  -0.48000,
,,,0.001369600000,  -0.48000,
,,,0.001369640000,  -0.48000,
,,,0.001369680000,  -0.56000,
,,,0.001369720000,  -0.48000,
,,,0.001369760000,  -0.56000,
,,,0.001369800000,  -0.56000,
,,,0.001369840000,  -0.56000,
,,,0.001369880000,  -0.48000,
,,,0.001369920000,  -0.56000,
,,,0.001369960000,  -0.56000,
,,,0.001370000000,  -0.56000,
,,,0.001370040000,  -0.56000,
,,,0.001370080000,  -0.56000,
,,,0.001370120000,  -0.56000,
,,,0.001370160000,  -0.56000,
,,,0.001370200000,  -0.56000,
,,,0.001370240000,  -0.64000,
,,,0.001370280000,  -0.56000,
,,,0.001370320000,  -0.64000,
,,,0.001370360000,  -0.64000,
,,,0.001370400000,  -0.56000,
,,,0.001370440000,  -0.56000,
,,,0.001370480000,  -0.64000,
,,,0.001370520000,  -0.56000,
,,,0.001370560000,  -0.64000,
,,,0.001370600000,  -0.56000,
,,,0.001370640000,  -0.64000,
,,,0.001370680000,  -0.64000,
,,,0.001370720000,  -0.56000,
,,,0.001370760000,  -0.72000,
,,,0.001370800000,  -0.56000,
,,,0.001370840000,  -0.64000,
,,,0.001370880000,  -0.64000,
,,,0.001370920000,  -0.72000,
,,,0.001370960000,  -0.64000,
,,,0.001371000000,  -0.64000,
,,,0.001371040000,  -0.72000,
,,,0.001371080000,  -0.56000,
,,,0.001371120000,  -0.64000,
,,,0.001371160000,  -0.72000,
,,,0.001371200000,  -0.64000,
,,,0.001371240000,  -0.72000,
,,,0.001371280000,  -0.56000,
,,,0.001371320000,  -0.64000,
,,,0.001371360000,  -0.72000,
,,,0.001371400000,  -0.64000,
,,,0.001371440000,  -0.72000,
,,,0.001371480000,  -0.64000,
,,,0.001371520000,  -0.80000,
,,,0.001371560000,  -0.72000,
,,,0.001371600000,  -0.80000,
,,,0.001371640000,  -0.72000,
,,,0.001371680000,  -0.72000,
,,,0.001371720000,  -0.72000,
,,,0.001371760000,  -0.72000,
,,,0.001371800000,  -0.72000,
,,,0.001371840000,  -0.72000,
,,,0.001371880000,  -0.80000,
,,,0.001371920000,  -0.80000,
,,,0.001371960000,  -0.80000,
,,,0.001372000000,  -0.72000,
,,,0.001372040000,  -0.72000,
,,,0.001372080000,  -0.80000,
,,,0.001372120000,  -0.80000,
,,,0.001372160000,  -0.72000,
,,,0.001372200000,  -0.80000,
,,,0.001372240000,  -0.72000,
,,,0.001372280000,  -0.80000,
,,,0.001372320000,  -0.80000,
,,,0.001372360000,  -0.72000,
,,,0.001372400000,  -0.80000,
,,,0.001372440000,  -0.80000,
,,,0.001372480000,  -0.72000,
,,,0.001372520000,  -0.72000,
,,,0.001372560000,  -0.88000,
,,,0.001372600000,  -0.80000,
,,,0.001372640000,  -0.80000,
,,,0.001372680000,  -0.80000,
,,,0.001372720000,  -0.80000,
,,,0.001372760000,  -0.80000,
,,,0.001372800000,  -0.80000,
,,,0.001372840000,  -0.80000,
,,,0.001372880000,  -0.80000,
,,,0.001372920000,  -0.80000,
,,,0.001372960000,  -0.80000,
,,,0.001373000000,  -0.80000,
,,,0.001373040000,  -0.72000,
,,,0.001373080000,  -0.80000,
,,,0.001373120000,  -0.72000,
,,,0.001373160000,  -0.72000,
,,,0.001373200000,  -0.80000,
,,,0.001373240000,  -0.72000,
,,,0.001373280000,  -0.88000,
,,,0.001373320000,  -0.88000,
,,,0.001373360000,  -0.80000,
,,,0.001373400000,  -0.80000,
,,,0.001373440000,  -0.80000,
,,,0.001373480000,  -0.88000,
,,,0.001373520000,  -0.88000,
,,,0.001373560000,  -0.88000,
,,,0.001373600000,  -0.80000,
,,,0.001373640000,  -0.88000,
,,,0.001373680000,  -0.80000,
,,,0.001373720000,  -0.80000,
,,,0.001373760000,  -0.80000,
,,,0.001373800000,  -0.80000,
,,,0.001373840000,  -0.88000,
,,,0.001373880000,  -0.88000,
,,,0.001373920000,  -0.88000,
,,,0.001373960000,  -0.80000,
,,,0.001374000000,  -0.80000,
,,,0.001374040000,  -0.88000,
,,,0.001374080000,  -0.88000,
,,,0.001374120000,  -0.80000,
,,,0.001374160000,  -0.88000,
,,,0.001374200000,  -0.88000,
,,,0.001374240000,  -0.80000,
,,,0.001374280000,  -0.80000,
,,,0.001374320000,  -0.88000,
,,,0.001374360000,  -0.88000,
,,,0.001374400000,  -0.80000,
,,,0.001374440000,  -0.88000,
,,,0.001374480000,  -0.88000,
,,,0.001374520000,  -0.88000,
,,,0.001374560000,  -0.88000,
,,,0.001374600000,  -0.80000,
,,,0.001374640000,  -0.88000,
,,,0.001374680000,  -0.80000,
,,,0.001374720000,  -0.88000,
,,,0.001374760000,  -0.88000,
,,,0.001374800000,  -0.80000,
,,,0.001374840000,  -0.88000,
,,,0.001374880000,  -0.80000,
,,,0.001374920000,  -0.96000,
,,,0.001374960000,  -0.88000,
,,,0.001375000000,  -0.88000,
,,,0.001375040000,  -0.80000,
,,,0.001375080000,  -0.96000,
,,,0.001375120000,  -0.88000,
,,,0.001375160000,  -0.88000,
,,,0.001375200000,  -0.88000,
,,,0.001375240000,  -0.88000,
,,,0.001375280000,  -0.80000,
,,,0.001375320000,  -0.80000,
,,,0.001375360000,  -0.88000,
,,,0.001375400000,  -0.88000,
,,,0.001375440000,  -0.80000,
,,,0.001375480000,  -0.88000,
,,,0.001375520000,  -0.88000,
,,,0.001375560000,  -0.88000,
,,,0.001375600000,  -0.80000,
,,,0.001375640000,  -0.80000,
,,,0.001375680000,  -0.88000,
,,,0.001375720000,  -0.80000,
,,,0.001375760000,  -0.88000,
,,,0.001375800000,  -0.80000,
,,,0.001375840000,  -0.80000,
,,,0.001375880000,  -0.80000,
,,,0.001375920000,  -0.80000,
,,,0.001375960000,  -0.88000,
,,,0.001376000000,  -0.80000,
,,,0.001376040000,  -0.80000,
,,,0.001376080000,  -0.80000,
,,,0.001376120000,  -0.80000,
,,,0.001376160000,  -0.80000,
,,,0.001376200000,  -0.88000,
,,,0.001376240000,  -0.80000,
,,,0.001376280000,  -0.88000,
,,,0.001376320000,  -0.80000,
,,,0.001376360000,  -0.88000,
,,,0.001376400000,  -0.80000,
,,,0.001376440000,  -0.80000,
,,,0.001376480000,  -0.80000,
,,,0.001376520000,  -0.80000,
,,,0.001376560000,  -0.80000,
,,,0.001376600000,  -0.80000,
,,,0.001376640000,  -0.80000,
,,,0.001376680000,  -0.72000,
,,,0.001376720000,  -0.80000,
,,,0.001376760000,  -0.80000,
,,,0.001376800000,  -0.72000,
,,,0.001376840000,  -0.72000,
,,,0.001376880000,  -0.72000,
,,,0.001376920000,  -0.80000,
,,,0.001376960000,  -0.80000,
,,,0.001377000000,  -0.80000,
,,,0.001377040000,  -0.72000,
,,,0.001377080000,  -0.80000,
,,,0.001377120000,  -0.80000,
,,,0.001377160000,  -0.80000,
,,,0.001377200000,  -0.72000,
,,,0.001377240000,  -0.72000,
,,,0.001377280000,  -0.72000,
,,,0.001377320000,  -0.80000,
,,,0.001377360000,  -0.72000,
,,,0.001377400000,  -0.72000,
,,,0.001377440000,  -0.72000,
,,,0.001377480000,  -0.72000,
,,,0.001377520000,  -0.72000,
,,,0.001377560000,  -0.72000,
,,,0.001377600000,  -0.80000,
,,,0.001377640000,  -0.72000,
,,,0.001377680000,  -0.72000,
,,,0.001377720000,  -0.64000,
,,,0.001377760000,  -0.64000,
,,,0.001377800000,  -0.64000,
,,,0.001377840000,  -0.72000,
,,,0.001377880000,  -0.72000,
,,,0.001377920000,  -0.72000,
,,,0.001377960000,  -0.64000,
,,,0.001378000000,  -0.72000,
,,,0.001378040000,  -0.72000,
,,,0.001378080000,  -0.72000,
,,,0.001378120000,  -0.64000,
,,,0.001378160000,  -0.64000,
,,,0.001378200000,  -0.72000,
,,,0.001378240000,  -0.64000,
,,,0.001378280000,  -0.72000,
,,,0.001378320000,  -0.64000,
,,,0.001378360000,  -0.64000,
,,,0.001378400000,  -0.72000,
,,,0.001378440000,  -0.64000,
,,,0.001378480000,  -0.64000,
,,,0.001378520000,  -0.64000,
,,,0.001378560000,  -0.56000,
,,,0.001378600000,  -0.64000,
,,,0.001378640000,  -0.64000,
,,,0.001378680000,  -0.64000,
,,,0.001378720000,  -0.56000,
,,,0.001378760000,  -0.56000,
,,,0.001378800000,  -0.64000,
,,,0.001378840000,  -0.56000,
,,,0.001378880000,  -0.56000,
,,,0.001378920000,  -0.56000,
,,,0.001378960000,  -0.56000,
,,,0.001379000000,  -0.64000,
,,,0.001379040000,  -0.64000,
,,,0.001379080000,  -0.64000,
,,,0.001379120000,  -0.56000,
,,,0.001379160000,  -0.56000,
,,,0.001379200000,  -0.56000,
,,,0.001379240000,  -0.56000,
,,,0.001379280000,  -0.56000,
,,,0.001379320000,  -0.56000,
,,,0.001379360000,  -0.56000,
,,,0.001379400000,  -0.56000,
,,,0.001379440000,  -0.56000,
,,,0.001379480000,  -0.48000,
,,,0.001379520000,  -0.56000,
,,,0.001379560000,  -0.56000,
,,,0.001379600000,  -0.56000,
,,,0.001379640000,  -0.56000,
,,,0.001379680000,  -0.48000,
,,,0.001379720000,  -0.48000,
,,,0.001379760000,  -0.48000,
,,,0.001379800000,  -0.48000,
,,,0.001379840000,  -0.48000,
,,,0.001379880000,  -0.48000,
,,,0.001379920000,  -0.48000,
,,,0.001379960000,  -0.48000,
,,,0.001380000000,  -0.48000,
,,,0.001380040000,  -0.56000,
,,,0.001380080000,  -0.40000,
,,,0.001380120000,  -0.48000,
,,,0.001380160000,  -0.48000,
,,,0.001380200000,  -0.40000,
,,,0.001380240000,  -0.40000,
,,,0.001380280000,  -0.40000,
,,,0.001380320000,  -0.40000,
,,,0.001380360000,  -0.40000,
,,,0.001380400000,  -0.40000,
,,,0.001380440000,  -0.40000,
,,,0.001380480000,  -0.48000,
,,,0.001380520000,  -0.40000,
,,,0.001380560000,  -0.32000,
,,,0.001380600000,  -0.40000,
,,,0.001380640000,  -0.40000,
,,,0.001380680000,  -0.40000,
,,,0.001380720000,  -0.40000,
,,,0.001380760000,  -0.32000,
,,,0.001380800000,  -0.24000,
,,,0.001380840000,  -0.32000,
,,,0.001380880000,  -0.40000,
,,,0.001380920000,  -0.32000,
,,,0.001380960000,  -0.24000,
,,,0.001381000000,  -0.32000,
,,,0.001381040000,  -0.32000,
,,,0.001381080000,  -0.32000,
,,,0.001381120000,  -0.32000,
,,,0.001381160000,  -0.24000,
,,,0.001381200000,  -0.32000,
,,,0.001381240000,  -0.32000,
,,,0.001381280000,  -0.32000,
,,,0.001381320000,  -0.24000,
,,,0.001381360000,  -0.24000,
,,,0.001381400000,  -0.32000,
,,,0.001381440000,  -0.24000,
,,,0.001381480000,  -0.24000,
,,,0.001381520000,  -0.24000,
,,,0.001381560000,  -0.24000,
,,,0.001381600000,  -0.24000,
,,,0.001381640000,  -0.24000,
,,,0.001381680000,  -0.24000,
,,,0.001381720000,  -0.16000,
,,,0.001381760000,  -0.16000,
,,,0.001381800000,  -0.16000,
,,,0.001381840000,  -0.24000,
,,,0.001381880000,  -0.16000,
,,,0.001381920000,  -0.16000,
,,,0.001381960000,  -0.16000,
,,,0.001382000000,  -0.16000,
,,,0.001382040000,  -0.16000,
,,,0.001382080000,  -0.16000,
,,,0.001382120000,  -0.08000,
,,,0.001382160000,  -0.16000,
,,,0.001382200000,  -0.08000,
,,,0.001382240000,  -0.08000,
,,,0.001382280000,  -0.08000,
,,,0.001382320000,  -0.08000,
,,,0.001382360000,  -0.16000,
,,,0.001382400000,  -0.08000,
,,,0.001382440000,  -0.08000,
,,,0.001382480000,   0.00000,
,,,0.001382520000,  -0.08000,
,,,0.001382560000,  -0.08000,
,,,0.001382600000,   0.00000,
,,,0.001382640000,  -0.08000,
,,,0.001382680000,  -0.08000,
,,,0.001382720000,   0.00000,
,,,0.001382760000,  -0.08000,
,,,0.001382800000,   0.00000,
,,,0.001382840000,   0.00000,
,,,0.001382880000,   0.00000,
,,,0.001382920000,   0.00000,
,,,0.001382960000,   0.00000,
,,,0.001383000000,  -0.08000,
,,,0.001383040000,   0.00000,
,,,0.001383080000,   0.00000,
,,,0.001383120000,   0.00000,
,,,0.001383160000,   0.00000,
,,,0.001383200000,   0.08000,
,,,0.001383240000,   0.08000,
,,,0.001383280000,   0.08000,
,,,0.001383320000,   0.08000,
,,,0.001383360000,   0.08000,
,,,0.001383400000,   0.08000,
,,,0.001383440000,   0.16000,
,,,0.001383480000,   0.08000,
,,,0.001383520000,   0.08000,
,,,0.001383560000,   0.08000,
,,,0.001383600000,   0.08000,
,,,0.001383640000,   0.16000,
,,,0.001383680000,   0.08000,
,,,0.001383720000,   0.16000,
,,,0.001383760000,   0.16000,
,,,0.001383800000,   0.16000,
,,,0.001383840000,   0.16000,
,,,0.001383880000,   0.16000,
,,,0.001383920000,   0.08000,
,,,0.001383960000,   0.16000,
,,,0.001384000000,   0.16000,
,,,0.001384040000,   0.24000,
,,,0.001384080000,   0.24000,
,,,0.001384120000,   0.24000,
,,,0.001384160000,   0.24000,
,,,0.001384200000,   0.24000,
,,,0.001384240000,   0.32000,
,,,0.001384280000,   0.24000,
,,,0.001384320000,   0.24000,
,,,0.001384360000,   0.16000,
,,,0.001384400000,   0.16000,
,,,0.001384440000,   0.16000,
,,,0.001384480000,   0.24000,
,,,0.001384520000,   0.24000,
,,,0.001384560000,   0.24000,
,,,0.001384600000,   0.24000,
,,,0.001384640000,   0.32000,
,,,0.001384680000,   0.24000,
,,,0.001384720000,   0.32000,
,,,0.001384760000,   0.24000,
,,,0.001384800000,   0.32000,
,,,0.001384840000,   0.24000,
,,,0.001384880000,   0.32000,
,,,0.001384920000,   0.32000,
,,,0.001384960000,   0.32000,
,,,0.001385000000,   0.32000,
,,,0.001385040000,   0.32000,
,,,0.001385080000,   0.32000,
,,,0.001385120000,   0.40000,
,,,0.001385160000,   0.40000,
,,,0.001385200000,   0.32000,
,,,0.001385240000,   0.40000,
,,,0.001385280000,   0.32000,
,,,0.001385320000,   0.40000,
,,,0.001385360000,   0.40000,
,,,0.001385400000,   0.32000,
,,,0.001385440000,   0.32000,
,,,0.001385480000,   0.40000,
,,,0.001385520000,   0.40000,
,,,0.001385560000,   0.32000,
,,,0.001385600000,   0.40000,
,,,0.001385640000,   0.40000,
,,,0.001385680000,   0.40000,
,,,0.001385720000,   0.40000,
,,,0.001385760000,   0.48000,
,,,0.001385800000,   0.40000,
,,,0.001385840000,   0.48000,
,,,0.001385880000,   0.48000,
,,,0.001385920000,   0.48000,
,,,0.001385960000,   0.48000,
,,,0.001386000000,   0.40000,
,,,0.001386040000,   0.48000,
,,,0.001386080000,   0.48000,
,,,0.001386120000,   0.48000,
,,,0.001386160000,   0.48000,
,,,0.001386200000,   0.48000,
,,,0.001386240000,   0.56000,
,,,0.001386280000,   0.48000,
,,,0.001386320000,   0.48000,
,,,0.001386360000,   0.48000,
,,,0.001386400000,   0.56000,
,,,0.001386440000,   0.40000,
,,,0.001386480000,   0.48000,
,,,0.001386520000,   0.48000,
,,,0.001386560000,   0.56000,
,,,0.001386600000,   0.48000,
,,,0.001386640000,   0.56000,
,,,0.001386680000,   0.56000,
,,,0.001386720000,   0.48000,
,,,0.001386760000,   0.64000,
,,,0.001386800000,   0.56000,
,,,0.001386840000,   0.56000,
,,,0.001386880000,   0.56000,
,,,0.001386920000,   0.64000,
,,,0.001386960000,   0.56000,
,,,0.001387000000,   0.56000,
,,,0.001387040000,   0.64000,
,,,0.001387080000,   0.56000,
,,,0.001387120000,   0.64000,
,,,0.001387160000,   0.64000,
,,,0.001387200000,   0.56000,
,,,0.001387240000,   0.56000,
,,,0.001387280000,   0.64000,
,,,0.001387320000,   0.56000,
,,,0.001387360000,   0.64000,
,,,0.001387400000,   0.56000,
,,,0.001387440000,   0.64000,
,,,0.001387480000,   0.64000,
,,,0.001387520000,   0.64000,
,,,0.001387560000,   0.56000,
,,,0.001387600000,   0.72000,
,,,0.001387640000,   0.72000,
,,,0.001387680000,   0.64000,
,,,0.001387720000,   0.64000,
,,,0.001387760000,   0.64000,
,,,0.001387800000,   0.64000,
,,,0.001387840000,   0.72000,
,,,0.001387880000,   0.72000,
,,,0.001387920000,   0.72000,
,,,0.001387960000,   0.64000,
,,,0.001388000000,   0.72000,
,,,0.001388040000,   0.72000,
,,,0.001388080000,   0.72000,
,,,0.001388120000,   0.72000,
,,,0.001388160000,   0.72000,
,,,0.001388200000,   0.72000,
,,,0.001388240000,   0.72000,
,,,0.001388280000,   0.72000,
,,,0.001388320000,   0.64000,
,,,0.001388360000,   0.72000,
,,,0.001388400000,   0.64000,
,,,0.001388440000,   0.72000,
,,,0.001388480000,   0.80000,
,,,0.001388520000,   0.72000,
,,,0.001388560000,   0.72000,
,,,0.001388600000,   0.72000,
,,,0.001388640000,   0.72000,
,,,0.001388680000,   0.72000,
,,,0.001388720000,   0.72000,
,,,0.001388760000,   0.72000,
,,,0.001388800000,   0.72000,
,,,0.001388840000,   0.80000,
,,,0.001388880000,   0.80000,
,,,0.001388920000,   0.72000,
,,,0.001388960000,   0.72000,
,,,0.001389000000,   0.72000,
,,,0.001389040000,   0.72000,
,,,0.001389080000,   0.80000,
,,,0.001389120000,   0.80000,
,,,0.001389160000,   0.72000,
,,,0.001389200000,   0.80000,
,,,0.001389240000,   0.80000,
,,,0.001389280000,   0.80000,
,,,0.001389320000,   0.80000,
,,,0.001389360000,   0.80000,
,,,0.001389400000,   0.80000,
,,,0.001389440000,   0.80000,
,,,0.001389480000,   0.72000,
,,,0.001389520000,   0.80000,
,,,0.001389560000,   0.88000,
,,,0.001389600000,   0.80000,
,,,0.001389640000,   0.72000,
,,,0.001389680000,   0.80000,
,,,0.001389720000,   0.80000,
,,,0.001389760000,   0.80000,
,,,0.001389800000,   0.88000,
,,,0.001389840000,   0.88000,
,,,0.001389880000,   0.80000,
,,,0.001389920000,   0.80000,
,,,0.001389960000,   0.80000,
,,,0.001390000000,   0.80000,
,,,0.001390040000,   0.80000,
,,,0.001390080000,   0.88000,
,,,0.001390120000,   0.80000,
,,,0.001390160000,   0.80000,
,,,0.001390200000,   0.80000,
,,,0.001390240000,   0.80000,
,,,0.001390280000,   0.88000,
,,,0.001390320000,   0.80000,
,,,0.001390360000,   0.80000,
,,,0.001390400000,   0.80000,
,,,0.001390440000,   0.80000,
,,,0.001390480000,   0.72000,
,,,0.001390520000,   0.88000,
,,,0.001390560000,   0.88000,
,,,0.001390600000,   0.80000,
,,,0.001390640000,   0.88000,
,,,0.001390680000,   0.80000,
,,,0.001390720000,   0.80000,
,,,0.001390760000,   0.80000,
,,,0.001390800000,   0.80000,
,,,0.001390840000,   0.88000,
,,,0.001390880000,   0.80000,
,,,0.001390920000,   0.80000,
,,,0.001390960000,   0.80000,
,,,0.001391000000,   0.80000,
,,,0.001391040000,   0.80000,
,,,0.001391080000,   0.88000,
,,,0.001391120000,   0.80000,
,,,0.001391160000,   0.80000,
,,,0.001391200000,   0.88000,
,,,0.001391240000,   0.88000,
,,,0.001391280000,   0.88000,
,,,0.001391320000,   0.80000,
,,,0.001391360000,   0.88000,
,,,0.001391400000,   0.72000,
,,,0.001391440000,   0.80000,
,,,0.001391480000,   0.88000,
,,,0.001391520000,   0.88000,
,,,0.001391560000,   0.80000,
,,,0.001391600000,   0.80000,
,,,0.001391640000,   0.88000,
,,,0.001391680000,   0.80000,
,,,0.001391720000,   0.88000,
,,,0.001391760000,   0.80000,
,,,0.001391800000,   0.80000,
,,,0.001391840000,   0.80000,
,,,0.001391880000,   0.80000,
,,,0.001391920000,   0.80000,
,,,0.001391960000,   0.88000,
,,,0.001392000000,   0.88000,
,,,0.001392040000,   0.88000,
,,,0.001392080000,   0.88000,
,,,0.001392120000,   0.72000,
,,,0.001392160000,   0.80000,
,,,0.001392200000,   0.80000,
,,,0.001392240000,   0.88000,
,,,0.001392280000,   0.80000,
,,,0.001392320000,   0.88000,
,,,0.001392360000,   0.80000,
,,,0.001392400000,   0.80000,
,,,0.001392440000,   0.88000,
,,,0.001392480000,   0.80000,
,,,0.001392520000,   0.72000,
,,,0.001392560000,   0.88000,
,,,0.001392600000,   0.88000,
,,,0.001392640000,   0.72000,
,,,0.001392680000,   0.80000,
,,,0.001392720000,   0.80000,
,,,0.001392760000,   0.80000,
,,,0.001392800000,   0.80000,
,,,0.001392840000,   0.80000,
,,,0.001392880000,   0.80000,
,,,0.001392920000,   0.80000,
,,,0.001392960000,   0.80000,
,,,0.001393000000,   0.72000,
,,,0.001393040000,   0.80000,
,,,0.001393080000,   0.72000,
,,,0.001393120000,   0.72000,
,,,0.001393160000,   0.80000,
,,,0.001393200000,   0.80000,
,,,0.001393240000,   0.72000,
,,,0.001393280000,   0.80000,
,,,0.001393320000,   0.72000,
,,,0.001393360000,   0.72000,
,,,0.001393400000,   0.72000,
,,,0.001393440000,   0.80000,
,,,0.001393480000,   0.80000,
,,,0.001393520000,   0.80000,
,,,0.001393560000,   0.72000,
,,,0.001393600000,   0.72000,
,,,0.001393640000,   0.72000,
,,,0.001393680000,   0.80000,
,,,0.001393720000,   0.72000,
,,,0.001393760000,   0.72000,
,,,0.001393800000,   0.72000,
,,,0.001393840000,   0.72000,
,,,0.001393880000,   0.72000,
,,,0.001393920000,   0.80000,
,,,0.001393960000,   0.72000,
,,,0.001394000000,   0.64000,
,,,0.001394040000,   0.80000,
,,,0.001394080000,   0.72000,
,,,0.001394120000,   0.72000,
,,,0.001394160000,   0.72000,
,,,0.001394200000,   0.64000,
,,,0.001394240000,   0.64000,
,,,0.001394280000,   0.72000,
,,,0.001394320000,   0.64000,
,,,0.001394360000,   0.72000,
,,,0.001394400000,   0.64000,
,,,0.001394440000,   0.64000,
,,,0.001394480000,   0.72000,
,,,0.001394520000,   0.56000,
,,,0.001394560000,   0.64000,
,,,0.001394600000,   0.64000,
,,,0.001394640000,   0.64000,
,,,0.001394680000,   0.64000,
,,,0.001394720000,   0.64000,
,,,0.001394760000,   0.64000,
,,,0.001394800000,   0.64000,
,,,0.001394840000,   0.72000,
,,,0.001394880000,   0.72000,
,,,0.001394920000,   0.56000,
,,,0.001394960000,   0.64000,
,,,0.001395000000,   0.64000,
,,,0.001395040000,   0.64000,
,,,0.001395080000,   0.64000,
,,,0.001395120000,   0.56000,
,,,0.001395160000,   0.56000,
,,,0.001395200000,   0.56000,
,,,0.001395240000,   0.64000,
,,,0.001395280000,   0.56000,
,,,0.001395320000,   0.64000,
,,,0.001395360000,   0.48000,
,,,0.001395400000,   0.56000,
,,,0.001395440000,   0.56000,
,,,0.001395480000,   0.56000,
,,,0.001395520000,   0.64000,
,,,0.001395560000,   0.56000,
,,,0.001395600000,   0.56000,
,,,0.001395640000,   0.56000,
,,,0.001395680000,   0.56000,
,,,0.001395720000,   0.56000,
,,,0.001395760000,   0.48000,
,,,0.001395800000,   0.56000,
,,,0.001395840000,   0.48000,
,,,0.001395880000,   0.48000,
,,,0.001395920000,   0.48000,
,,,0.001395960000,   0.56000,
,,,0.001396000000,   0.48000,
,,,0.001396040000,   0.48000,
,,,0.001396080000,   0.48000,
,,,0.001396120000,   0.56000,
,,,0.001396160000,   0.48000,
,,,0.001396200000,   0.40000,
,,,0.001396240000,   0.48000,
,,,0.001396280000,   0.48000,
,,,0.001396320000,   0.40000,
,,,0.001396360000,   0.48000,
,,,0.001396400000,   0.48000,
,,,0.001396440000,   0.40000,
,,,0.001396480000,   0.40000,
,,,0.001396520000,   0.40000,
,,,0.001396560000,   0.40000,
,,,0.001396600000,   0.48000,
,,,0.001396640000,   0.48000,
,,,0.001396680000,   0.40000,
,,,0.001396720000,   0.40000,
,,,0.001396760000,   0.48000,
,,,0.001396800000,   0.40000,
,,,0.001396840000,   0.40000,
,,,0.001396880000,   0.32000,
,,,0.001396920000,   0.40000,
,,,0.001396960000,   0.32000,
,,,0.001397000000,   0.40000,
,,,0.001397040000,   0.32000,
,,,0.001397080000,   0.24000,
,,,0.001397120000,   0.40000,
,,,0.001397160000,   0.32000,
,,,0.001397200000,   0.32000,
,,,0.001397240000,   0.32000,
,,,0.001397280000,   0.32000,
,,,0.001397320000,   0.32000,
,,,0.001397360000,   0.32000,
,,,0.001397400000,   0.24000,
,,,0.001397440000,   0.40000,
,,,0.001397480000,   0.32000,
,,,0.001397520000,   0.24000,
,,,0.001397560000,   0.32000,
,,,0.001397600000,   0.32000,
,,,0.001397640000,   0.24000,
,,,0.001397680000,   0.24000,
,,,0.001397720000,   0.24000,
,,,0.001397760000,   0.24000,
,,,0.001397800000,   0.24000,
,,,0.001397840000,   0.24000,
,,,0.001397880000,   0.24000,
,,,0.001397920000,   0.24000,
,,,0.001397960000,   0.16000,
,,,0.001398000000,   0.24000,
,,,0.001398040000,   0.16000,
,,,0.001398080000,   0.24000,
,,,0.001398120000,   0.16000,
,,,0.001398160000,   0.16000,
,,,0.001398200000,   0.16000,
,,,0.001398240000,   0.16000,
,,,0.001398280000,   0.16000,
,,,0.001398320000,   0.16000,
,,,0.001398360000,   0.16000,
,,,0.001398400000,   0.16000,
,,,0.001398440000,   0.24000,
,,,0.001398480000,   0.08000,
,,,0.001398520000,   0.08000,
,,,0.001398560000,   0.24000,
,,,0.001398600000,   0.08000,
,,,0.001398640000,   0.16000,
,,,0.001398680000,   0.08000,
,,,0.001398720000,   0.16000,
,,,0.001398760000,   0.08000,
,,,0.001398800000,   0.08000,
,,,0.001398840000,   0.08000,
,,,0.001398880000,   0.08000,
,,,0.001398920000,   0.08000,
,,,0.001398960000,   0.08000,
,,,0.001399000000,   0.08000,
,,,0.001399040000,   0.00000,
,,,0.001399080000,   0.08000,
,,,0.001399120000,   0.00000,
,,,0.001399160000,   0.00000,
,,,0.001399200000,   0.08000,
,,,0.001399240000,   0.00000,
,,,0.001399280000,   0.00000,
,,,0.001399320000,   0.00000,
,,,0.001399360000,   0.00000,
,,,0.001399400000,   0.00000,
,,,0.001399440000,   0.00000,
,,,0.001399480000,   0.00000,
,,,0.001399520000,  -0.08000,
,,,0.001399560000,   0.00000,
,,,0.001399600000,   0.00000,
,,,0.001399640000,   0.00000,
,,,0.001399680000,  -0.08000,
,,,0.001399720000,  -0.08000,
,,,0.001399760000,  -0.08000,
,,,0.001399800000,   0.00000,
,,,0.001399840000,  -0.08000,
,,,0.001399880000,   0.00000,
,,,0.001399920000,  -0.08000,
,,,0.001399960000,  -0.16000,
,,,0.001400000000,  -0.16000,
,,,0.001400040000,  -0.16000,
,,,0.001400080000,  -0.08000,
,,,0.001400120000,  -0.08000,
,,,0.001400160000,  -0.16000,
,,,0.001400200000,  -0.16000,
,,,0.001400240000,  -0.16000,
,,,0.001400280000,  -0.24000,
,,,0.001400320000,  -0.16000,
,,,0.001400360000,  -0.08000,
,,,0.001400400000,  -0.24000,
,,,0.001400440000,  -0.24000,
,,,0.001400480000,  -0.16000,
,,,0.001400520000,  -0.16000,
,,,0.001400560000,  -0.16000,
,,,0.001400600000,  -0.16000,
,,,0.001400640000,  -0.24000,
,,,0.001400680000,  -0.24000,
,,,0.001400720000,  -0.16000,
,,,0.001400760000,  -0.32000,
,,,0.001400800000,  -0.24000,
,,,0.001400840000,  -0.16000,
,,,0.001400880000,  -0.24000,
,,,0.001400920000,  -0.32000,
,,,0.001400960000,  -0.16000,
,,,0.001401000000,  -0.24000,
,,,0.001401040000,  -0.24000,
,,,0.001401080000,  -0.24000,
,,,0.001401120000,  -0.32000,
,,,0.001401160000,  -0.32000,
,,,0.001401200000,  -0.32000,
,,,0.001401240000,  -0.32000,
,,,0.001401280000,  -0.32000,
,,,0.001401320000,  -0.24000,
,,,0.001401360000,  -0.24000,
,,,0.001401400000,  -0.32000,
,,,0.001401440000,  -0.32000,
,,,0.001401480000,  -0.32000,
,,,0.001401520000,  -0.32000,
,,,0.001401560000,  -0.40000,
,,,0.001401600000,  -0.32000,
,,,0.001401640000,  -0.40000,
,,,0.001401680000,  -0.32000,
,,,0.001401720000,  -0.32000,
,,,0.001401760000,  -0.40000,
,,,0.001401800000,  -0.40000,
,,,0.001401840000,  -0.40000,
,,,0.001401880000,  -0.32000,
,,,0.001401920000,  -0.40000,
,,,0.001401960000,  -0.32000,
,,,0.001402000000,  -0.48000,
,,,0.001402040000,  -0.32000,
,,,0.001402080000,  -0.32000,
,,,0.001402120000,  -0.40000,
,,,0.001402160000,  -0.40000,
,,,0.001402200000,  -0.40000,
,,,0.001402240000,  -0.40000,
,,,0.001402280000,  -0.48000,
,,,0.001402320000,  -0.40000,
,,,0.001402360000,  -0.40000,
,,,0.001402400000,  -0.40000,
,,,0.001402440000,  -0.48000,
,,,0.001402480000,  -0.56000,
,,,0.001402520000,  -0.40000,
,,,0.001402560000,  -0.48000,
,,,0.001402600000,  -0.56000,
,,,0.001402640000,  -0.48000,
,,,0.001402680000,  -0.40000,
,,,0.001402720000,  -0.56000,
,,,0.001402760000,  -0.48000,
,,,0.001402800000,  -0.56000,
,,,0.001402840000,  -0.48000,
,,,0.001402880000,  -0.56000,
,,,0.001402920000,  -0.56000,
,,,0.001402960000,  -0.48000,
,,,0.001403000000,  -0.56000,
,,,0.001403040000,  -0.48000,
,,,0.001403080000,  -0.56000,
,,,0.001403120000,  -0.48000,
,,,0.001403160000,  -0.48000,
,,,0.001403200000,  -0.56000,
,,,0.001403240000,  -0.48000,
,,,0.001403280000,  -0.56000,
,,,0.001403320000,  -0.56000,
,,,0.001403360000,  -0.56000,
,,,0.001403400000,  -0.64000,
,,,0.001403440000,  -0.56000,
,,,0.001403480000,  -0.56000,
,,,0.001403520000,  -0.56000,
,,,0.001403560000,  -0.64000,
,,,0.001403600000,  -0.64000,
,,,0.001403640000,  -0.56000,
,,,0.001403680000,  -0.56000,
,,,0.001403720000,  -0.56000,
,,,0.001403760000,  -0.56000,
,,,0.001403800000,  -0.64000,
,,,0.001403840000,  -0.56000,
,,,0.001403880000,  -0.56000,
,,,0.001403920000,  -0.64000,
,,,0.001403960000,  -0.64000,
,,,0.001404000000,  -0.64000,
,,,0.001404040000,  -0.64000,
,,,0.001404080000,  -0.64000,
,,,0.001404120000,  -0.64000,
,,,0.001404160000,  -0.72000,
,,,0.001404200000,  -0.72000,
,,,0.001404240000,  -0.64000,
,,,0.001404280000,  -0.72000,
,,,0.001404320000,  -0.64000,
,,,0.001404360000,  -0.72000,
,,,0.001404400000,  -0.64000,
,,,0.001404440000,  -0.72000,
,,,0.001404480000,  -0.72000,
,,,0.001404520000,  -0.72000,
,,,0.001404560000,  -0.72000,
,,,0.001404600000,  -0.72000,
,,,0.001404640000,  -0.72000,
,,,0.001404680000,  -0.72000,
,,,0.001404720000,  -0.72000,
,,,0.001404760000,  -0.72000,
,,,0.001404800000,  -0.72000,
,,,0.001404840000,  -0.72000,
,,,0.001404880000,  -0.72000,
,,,0.001404920000,  -0.72000,
,,,0.001404960000,  -0.72000,
,,,0.001405000000,  -0.80000,
,,,0.001405040000,  -0.72000,
,,,0.001405080000,  -0.72000,
,,,0.001405120000,  -0.72000,
,,,0.001405160000,  -0.72000,
,,,0.001405200000,  -0.72000,
,,,0.001405240000,  -0.80000,
,,,0.001405280000,  -0.80000,
,,,0.001405320000,  -0.72000,
,,,0.001405360000,  -0.72000,
,,,0.001405400000,  -0.72000,
,,,0.001405440000,  -0.80000,
,,,0.001405480000,  -0.80000,
,,,0.001405520000,  -0.72000,
,,,0.001405560000,  -0.72000,
,,,0.001405600000,  -0.80000,
,,,0.001405640000,  -0.80000,
,,,0.001405680000,  -0.80000,
,,,0.001405720000,  -0.80000,
,,,0.001405760000,  -0.80000,
,,,0.001405800000,  -0.80000,
,,,0.001405840000,  -0.80000,
,,,0.001405880000,  -0.80000,
,,,0.001405920000,  -0.80000,
,,,0.001405960000,  -0.72000,
,,,0.001406000000,  -0.72000,
,,,0.001406040000,  -0.80000,
,,,0.001406080000,  -0.80000,
,,,0.001406120000,  -0.80000,
,,,0.001406160000,  -0.80000,
,,,0.001406200000,  -0.80000,
,,,0.001406240000,  -0.80000,
,,,0.001406280000,  -0.80000,
,,,0.001406320000,  -0.88000,
,,,0.001406360000,  -0.80000,
,,,0.001406400000,  -0.80000,
,,,0.001406440000,  -0.80000,
,,,0.001406480000,  -0.88000,
,,,0.001406520000,  -0.88000,
,,,0.001406560000,  -0.80000,
,,,0.001406600000,  -0.88000,
,,,0.001406640000,  -0.88000,
,,,0.001406680000,  -0.88000,
,,,0.001406720000,  -0.80000,
,,,0.001406760000,  -0.96000,
,,,0.001406800000,  -0.80000,
,,,0.001406840000,  -0.80000,
,,,0.001406880000,  -0.88000,
,,,0.001406920000,  -0.80000,
,,,0.001406960000,  -0.88000,
,,,0.001407000000,  -0.80000,
,,,0.001407040000,  -0.88000,
,,,0.001407080000,  -0.88000,
,,,0.001407120000,  -0.88000,
,,,0.001407160000,  -0.88000,
,,,0.001407200000,  -0.80000,
,,,0.001407240000,  -0.88000,
,,,0.001407280000,  -0.80000,
,,,0.001407320000,  -0.80000,
,,,0.001407360000,  -0.80000,
,,,0.001407400000,  -0.88000,
,,,0.001407440000,  -0.88000,
,,,0.001407480000,  -0.80000,
,,,0.001407520000,  -0.88000,
,,,0.001407560000,  -0.88000,
,,,0.001407600000,  -0.88000,
,,,0.001407640000,  -0.88000,
,,,0.001407680000,  -0.88000,
,,,0.001407720000,  -0.88000,
,,,0.001407760000,  -0.80000,
,,,0.001407800000,  -0.88000,
,,,0.001407840000,  -0.80000,
,,,0.001407880000,  -0.80000,
,,,0.001407920000,  -0.80000,
,,,0.001407960000,  -0.80000,
,,,0.001408000000,  -0.88000,
,,,0.001408040000,  -0.88000,
,,,0.001408080000,  -0.80000,
,,,0.001408120000,  -0.80000,
,,,0.001408160000,  -0.88000,
,,,0.001408200000,  -0.88000,
,,,0.001408240000,  -0.88000,
,,,0.001408280000,  -0.80000,
,,,0.001408320000,  -0.88000,
,,,0.001408360000,  -0.80000,
,,,0.001408400000,  -0.88000,
,,,0.001408440000,  -0.88000,
,,,0.001408480000,  -0.80000,
,,,0.001408520000,  -0.88000,
,,,0.001408560000,  -0.88000,
,,,0.001408600000,  -0.88000,
,,,0.001408640000,  -0.80000,
,,,0.001408680000,  -0.88000,
,,,0.001408720000,  -0.88000,
,,,0.001408760000,  -0.80000,
,,,0.001408800000,  -0.80000,
,,,0.001408840000,  -0.88000,
,,,0.001408880000,  -0.80000,
,,,0.001408920000,  -0.80000,
,,,0.001408960000,  -0.80000,
,,,0.001409000000,  -0.80000,
,,,0.001409040000,  -0.80000,
,,,0.001409080000,  -0.88000,
,,,0.001409120000,  -0.80000,
,,,0.001409160000,  -0.80000,
,,,0.001409200000,  -0.80000,
,,,0.001409240000,  -0.80000,
,,,0.001409280000,  -0.80000,
,,,0.001409320000,  -0.80000,
,,,0.001409360000,  -0.80000,
,,,0.001409400000,  -0.80000,
,,,0.001409440000,  -0.80000,
,,,0.001409480000,  -0.72000,
,,,0.001409520000,  -0.80000,
,,,0.001409560000,  -0.88000,
,,,0.001409600000,  -0.80000,
,,,0.001409640000,  -0.80000,
,,,0.001409680000,  -0.88000,
,,,0.001409720000,  -0.80000,
,,,0.001409760000,  -0.80000,
,,,0.001409800000,  -0.80000,
,,,0.001409840000,  -0.72000,
,,,0.001409880000,  -0.88000,
,,,0.001409920000,  -0.72000,
,,,0.001409960000,  -0.80000,
,,,0.001410000000,  -0.80000,
,,,0.001410040000,  -0.80000,
,,,0.001410080000,  -0.72000,
,,,0.001410120000,  -0.80000,
,,,0.001410160000,  -0.80000,
,,,0.001410200000,  -0.80000,
,,,0.001410240000,  -0.80000,
,,,0.001410280000,  -0.80000,
,,,0.001410320000,  -0.72000,
,,,0.001410360000,  -0.80000,
,,,0.001410400000,  -0.80000,
,,,0.001410440000,  -0.72000,
,,,0.001410480000,  -0.80000,
,,,0.001410520000,  -0.80000,
,,,0.001410560000,  -0.72000,
,,,0.001410600000,  -0.72000,
,,,0.001410640000,  -0.72000,
,,,0.001410680000,  -0.72000,
,,,0.001410720000,  -0.72000,
,,,0.001410760000,  -0.80000,
,,,0.001410800000,  -0.72000,
,,,0.001410840000,  -0.72000,
,,,0.001410880000,  -0.64000,
,,,0.001410920000,  -0.64000,
,,,0.001410960000,  -0.72000,
,,,0.001411000000,  -0.72000,
,,,0.001411040000,  -0.72000,
,,,0.001411080000,  -0.72000,
,,,0.001411120000,  -0.72000,
,,,0.001411160000,  -0.72000,
,,,0.001411200000,  -0.72000,
,,,0.001411240000,  -0.72000,
,,,0.001411280000,  -0.64000,
,,,0.001411320000,  -0.64000,
,,,0.001411360000,  -0.64000,
,,,0.001411400000,  -0.64000,
,,,0.001411440000,  -0.72000,
,,,0.001411480000,  -0.64000,
,,,0.001411520000,  -0.64000,
,,,0.001411560000,  -0.56000,
,,,0.001411600000,  -0.64000,
,,,0.001411640000,  -0.72000,
,,,0.001411680000,  -0.64000,
,,,0.001411720000,  -0.64000,
,,,0.001411760000,  -0.72000,
,,,0.001411800000,  -0.64000,
,,,0.001411840000,  -0.72000,
,,,0.001411880000,  -0.64000,
,,,0.001411920000,  -0.56000,
,,,0.001411960000,  -0.64000,
,,,0.001412000000,  -0.56000,
,,,0.001412040000,  -0.64000,
,,,0.001412080000,  -0.64000,
,,,0.001412120000,  -0.64000,
,,,0.001412160000,  -0.64000,
,,,0.001412200000,  -0.56000,
,,,0.001412240000,  -0.56000,
,,,0.001412280000,  -0.56000,
,,,0.001412320000,  -0.56000,
,,,0.001412360000,  -0.56000,
,,,0.001412400000,  -0.56000,
,,,0.001412440000,  -0.64000,
,,,0.001412480000,  -0.56000,
,,,0.001412520000,  -0.64000,
,,,0.001412560000,  -0.56000,
,,,0.001412600000,  -0.48000,
,,,0.001412640000,  -0.56000,
,,,0.001412680000,  -0.48000,
,,,0.001412720000,  -0.48000,
,,,0.001412760000,  -0.40000,
,,,0.001412800000,  -0.56000,
,,,0.001412840000,  -0.48000,
,,,0.001412880000,  -0.48000,
,,,0.001412920000,  -0.48000,
,,,0.001412960000,  -0.48000,
,,,0.001413000000,  -0.48000,
,,,0.001413040000,  -0.48000,
,,,0.001413080000,  -0.40000,
,,,0.001413120000,  -0.48000,
,,,0.001413160000,  -0.48000,
,,,0.001413200000,  -0.48000,
,,,0.001413240000,  -0.48000,
,,,0.001413280000,  -0.48000,
,,,0.001413320000,  -0.40000,
,,,0.001413360000,  -0.40000,
,,,0.001413400000,  -0.40000,
,,,0.001413440000,  -0.40000,
,,,0.001413480000,  -0.40000,
,,,0.001413520000,  -0.48000,
,,,0.001413560000,  -0.40000,
,,,0.001413600000,  -0.40000,
,,,0.001413640000,  -0.40000,
,,,0.001413680000,  -0.40000,
,,,0.001413720000,  -0.40000,
,,,0.001413760000,  -0.32000,
,,,0.001413800000,  -0.32000,
,,,0.001413840000,  -0.40000,
,,,0.001413880000,  -0.32000,
,,,0.001413920000,  -0.32000,
,,,0.001413960000,  -0.32000,
,,,0.001414000000,  -0.32000,
,,,0.001414040000,  -0.32000,
,,,0.001414080000,  -0.24000,
,,,0.001414120000,  -0.24000,
,,,0.001414160000,  -0.32000,
,,,0.001414200000,  -0.32000,
,,,0.001414240000,  -0.32000,
,,,0.001414280000,  -0.24000,
,,,0.001414320000,  -0.24000,
,,,0.001414360000,  -0.32000,
,,,0.001414400000,  -0.24000,
,,,0.001414440000,  -0.24000,
,,,0.001414480000,  -0.24000,
,,,0.001414520000,  -0.24000,
,,,0.001414560000,  -0.16000,
,,,0.001414600000,  -0.24000,
,,,0.001414640000,  -0.24000,
,,,0.001414680000,  -0.32000,
,,,0.001414720000,  -0.32000,
,,,0.001414760000,  -0.16000,
,,,0.001414800000,  -0.24000,
,,,0.001414840000,  -0.16000,
,,,0.001414880000,  -0.16000,
,,,0.001414920000,  -0.16000,
,,,0.001414960000,  -0.16000,
,,,0.001415000000,  -0.16000,
,,,0.001415040000,  -0.16000,
,,,0.001415080000,  -0.16000,
,,,0.001415120000,  -0.16000,
,,,0.001415160000,  -0.16000,
,,,0.001415200000,  -0.16000,
,,,0.001415240000,  -0.16000,
,,,0.001415280000,  -0.16000,
,,,0.001415320000,  -0.08000,
,,,0.001415360000,  -0.08000,
,,,0.001415400000,  -0.08000,
,,,0.001415440000,  -0.16000,
,,,0.001415480000,  -0.08000,
,,,0.001415520000,  -0.08000,
,,,0.001415560000,  -0.08000,
,,,0.001415600000,  -0.08000,
,,,0.001415640000,   0.00000,
,,,0.001415680000,   0.00000,
,,,0.001415720000,  -0.08000,
,,,0.001415760000,  -0.08000,
,,,0.001415800000,  -0.08000,
,,,0.001415840000,   0.00000,
,,,0.001415880000,   0.00000,
,,,0.001415920000,   0.00000,
,,,0.001415960000,   0.00000,
,,,0.001416000000,   0.00000,
,,,0.001416040000,   0.00000,
,,,0.001416080000,  -0.08000,
,,,0.001416120000,  -0.08000,
,,,0.001416160000,   0.00000,
,,,0.001416200000,   0.00000,
,,,0.001416240000,   0.00000,
,,,0.001416280000,   0.00000,
,,,0.001416320000,   0.00000,
,,,0.001416360000,   0.00000,
,,,0.001416400000,   0.00000,
,,,0.001416440000,   0.08000,
,,,0.001416480000,   0.00000,
,,,0.001416520000,   0.00000,
,,,0.001416560000,   0.08000,
,,,0.001416600000,   0.08000,
,,,0.001416640000,   0.08000,
,,,0.001416680000,   0.08000,
,,,0.001416720000,   0.08000,
,,,0.001416760000,   0.08000,
,,,0.001416800000,   0.16000,
,,,0.001416840000,   0.16000,
,,,0.001416880000,   0.16000,
,,,0.001416920000,   0.08000,
,,,0.001416960000,   0.16000,
,,,0.001417000000,   0.16000,
,,,0.001417040000,   0.08000,
,,,0.001417080000,   0.16000,
,,,0.001417120000,   0.16000,
,,,0.001417160000,   0.24000,
,,,0.001417200000,   0.24000,
,,,0.001417240000,   0.16000,
,,,0.001417280000,   0.16000,
,,,0.001417320000,   0.16000,
,,,0.001417360000,   0.16000,
,,,0.001417400000,   0.16000,
,,,0.001417440000,   0.16000,
,,,0.001417480000,   0.16000,
,,,0.001417520000,   0.24000,
,,,0.001417560000,   0.24000,
,,,0.001417600000,   0.16000,
,,,0.001417640000,   0.24000,
,,,0.001417680000,   0.24000,
,,,0.001417720000,   0.24000,
,,,0.001417760000,   0.24000,
,,,0.001417800000,   0.24000,
,,,0.001417840000,   0.32000,
,,,0.001417880000,   0.40000,
,,,0.001417920000,   0.32000,
,,,0.001417960000,   0.32000,
,,,0.001418000000,   0.32000,
,,,0.001418040000,   0.32000,
,,,0.001418080000,   0.32000,
,,,0.001418120000,   0.24000,
,,,0.001418160000,   0.32000,
,,,0.001418200000,   0.32000,
,,,0.001418240000,   0.40000,
,,,0.001418280000,   0.32000,
,,,0.001418320000,   0.32000,
,,,0.001418360000,   0.40000,
,,,0.001418400000,   0.32000,
,,,0.001418440000,   0.40000,
,,,0.001418480000,   0.32000,
,,,0.001418520000,   0.40000,
,,,0.001418560000,   0.40000,
,,,0.001418600000,   0.40000,
,,,0.001418640000,   0.40000,
,,,0.001418680000,   0.40000,
,,,0.001418720000,   0.40000,
,,,0.001418760000,   0.32000,
,,,0.001418800000,   0.40000,
,,,0.001418840000,   0.48000,
,,,0.001418880000,   0.40000,
,,,0.001418920000,   0.48000,
,,,0.001418960000,   0.40000,
,,,0.001419000000,   0.40000,
,,,0.001419040000,   0.40000,
,,,0.001419080000,   0.48000,
,,,0.001419120000,   0.48000,
,,,0.001419160000,   0.48000,
,,,0.001419200000,   0.48000,
,,,0.001419240000,   0.40000,
,,,0.001419280000,   0.48000,
,,,0.001419320000,   0.48000,
,,,0.001419360000,   0.56000,
,,,0.001419400000,   0.48000,
,,,0.001419440000,   0.48000,
,,,0.001419480000,   0.56000,
,,,0.001419520000,   0.48000,
,,,0.001419560000,   0.56000,
,,,0.001419600000,   0.56000,
,,,0.001419640000,   0.56000,
,,,0.001419680000,   0.56000,
,,,0.001419720000,   0.56000,
,,,0.001419760000,   0.56000,
,,,0.001419800000,   0.48000,
,,,0.001419840000,   0.56000,
,,,0.001419880000,   0.56000,
,,,0.001419920000,   0.48000,
,,,0.001419960000,   0.56000,
,,,0.001420000000,   0.56000,
,,,0.001420040000,   0.64000,
,,,0.001420080000,   0.56000,
,,,0.001420120000,   0.56000,
,,,0.001420160000,   0.56000,
,,,0.001420200000,   0.64000,
,,,0.001420240000,   0.56000,
,,,0.001420280000,   0.56000,
,,,0.001420320000,   0.56000,
,,,0.001420360000,   0.64000,
,,,0.001420400000,   0.64000,
,,,0.001420440000,   0.64000,
,,,0.001420480000,   0.64000,
,,,0.001420520000,   0.64000,
,,,0.001420560000,   0.64000,
,,,0.001420600000,   0.64000,
,,,0.001420640000,   0.64000,
,,,0.001420680000,   0.72000,
,,,0.001420720000,   0.64000,
,,,0.001420760000,   0.64000,
,,,0.001420800000,   0.64000,
,,,0.001420840000,   0.72000,
,,,0.001420880000,   0.56000,
,,,0.001420920000,   0.64000,
,,,0.001420960000,   0.64000,
,,,0.001421000000,   0.72000,
,,,0.001421040000,   0.64000,
,,,0.001421080000,   0.72000,
,,,0.001421120000,   0.80000,
,,,0.001421160000,   0.72000,
,,,0.001421200000,   0.72000,
,,,0.001421240000,   0.72000,
,,,0.001421280000,   0.64000,
,,,0.001421320000,   0.72000,
,,,0.001421360000,   0.72000,
,,,0.001421400000,   0.72000,
,,,0.001421440000,   0.72000,
,,,0.001421480000,   0.72000,
,,,0.001421520000,   0.72000,
,,,0.001421560000,   0.64000,
,,,0.001421600000,   0.72000,
,,,0.001421640000,   0.80000,
,,,0.001421680000,   0.72000,
,,,0.001421720000,   0.72000,
,,,0.001421760000,   0.80000,
,,,0.001421800000,   0.72000,
,,,0.001421840000,   0.72000,
,,,0.001421880000,   0.72000,
,,,0.001421920000,   0.80000,
,,,0.001421960000,   0.72000,
,,,0.001422000000,   0.72000,
,,,0.001422040000,   0.72000,
,,,0.001422080000,   0.80000,
,,,0.001422120000,   0.80000,
,,,0.001422160000,   0.80000,
,,,0.001422200000,   0.80000,
,,,0.001422240000,   0.72000,
,,,0.001422280000,   0.72000,
,,,0.001422320000,   0.80000,
,,,0.001422360000,   0.80000,
,,,0.001422400000,   0.80000,
,,,0.001422440000,   0.80000,
,,,0.001422480000,   0.80000,
,,,0.001422520000,   0.80000,
,,,0.001422560000,   0.80000,
,,,0.001422600000,   0.72000,
,,,0.001422640000,   0.80000,
,,,0.001422680000,   0.88000,
,,,0.001422720000,   0.72000,
,,,0.001422760000,   0.88000,
,,,0.001422800000,   0.80000,
,,,0.001422840000,   0.80000,
,,,0.001422880000,   0.80000,
,,,0.001422920000,   0.72000,
,,,0.001422960000,   0.80000,
,,,0.001423000000,   0.72000,
,,,0.001423040000,   0.80000,
,,,0.001423080000,   0.72000,
,,,0.001423120000,   0.80000,
,,,0.001423160000,   0.80000,
,,,0.001423200000,   0.80000,
,,,0.001423240000,   0.88000,
,,,0.001423280000,   0.80000,
,,,0.001423320000,   0.80000,
,,,0.001423360000,   0.80000,
,,,0.001423400000,   0.72000,
,,,0.001423440000,   0.88000,
,,,0.001423480000,   0.88000,
,,,0.001423520000,   0.80000,
,,,0.001423560000,   0.80000,
,,,0.001423600000,   0.72000,
,,,0.001423640000,   0.80000,
,,,0.001423680000,   0.80000,
,,,0.001423720000,   0.80000,
,,,0.001423760000,   0.80000,
,,,0.001423800000,   0.80000,
,,,0.001423840000,   0.88000,
,,,0.001423880000,   0.88000,
,,,0.001423920000,   0.80000,
,,,0.001423960000,   0.80000,
,,,0.001424000000,   0.80000,
,,,0.001424040000,   0.80000,
,,,0.001424080000,   0.80000,
,,,0.001424120000,   0.88000,
,,,0.001424160000,   0.80000,
,,,0.001424200000,   0.88000,
,,,0.001424240000,   0.80000,
,,,0.001424280000,   0.88000,
,,,0.001424320000,   0.80000,
,,,0.001424360000,   0.80000,
,,,0.001424400000,   0.88000,
,,,0.001424440000,   0.80000,
,,,0.001424480000,   0.88000,
,,,0.001424520000,   0.80000,
,,,0.001424560000,   0.80000,
,,,0.001424600000,   0.88000,
,,,0.001424640000,   0.88000,
,,,0.001424680000,   0.80000,
,,,0.001424720000,   0.88000,
,,,0.001424760000,   0.80000,
,,,0.001424800000,   0.88000,
,,,0.001424840000,   0.88000,
,,,0.001424880000,   0.88000,
,,,0.001424920000,   0.72000,
,,,0.001424960000,   0.88000,
,,,0.001425000000,   0.80000,
,,,0.001425040000,   0.80000,
,,,0.001425080000,   0.88000,
,,,0.001425120000,   0.80000,
,,,0.001425160000,   0.88000,
,,,0.001425200000,   0.88000,
,,,0.001425240000,   0.80000,
,,,0.001425280000,   0.80000,
,,,0.001425320000,   0.80000,
,,,0.001425360000,   0.80000,
,,,0.001425400000,   0.80000,
,,,0.001425440000,   0.80000,
,,,0.001425480000,   0.80000,
,,,0.001425520000,   0.80000,
,,,0.001425560000,   0.80000,
,,,0.001425600000,   0.80000,
,,,0.001425640000,   0.80000,
,,,0.001425680000,   0.80000,
,,,0.001425720000,   0.80000,
,,,0.001425760000,   0.80000,
,,,0.001425800000,   0.80000,
,,,0.001425840000,   0.80000,
,,,0.001425880000,   0.72000,
,,,0.001425920000,   0.72000,
,,,0.001425960000,   0.80000,
,,,0.001426000000,   0.72000,
,,,0.001426040000,   0.80000,
,,,0.001426080000,   0.80000,
,,,0.001426120000,   0.72000,
,,,0.001426160000,   0.88000,
,,,0.001426200000,   0.80000,
,,,0.001426240000,   0.80000,
,,,0.001426280000,   0.72000,
,,,0.001426320000,   0.72000,
,,,0.001426360000,   0.80000,
,,,0.001426400000,   0.72000,
,,,0.001426440000,   0.72000,
,,,0.001426480000,   0.72000,
,,,0.001426520000,   0.80000,
,,,0.001426560000,   0.72000,
,,,0.001426600000,   0.72000,
,,,0.001426640000,   0.72000,
,,,0.001426680000,   0.72000,
,,,0.001426720000,   0.80000,
,,,0.001426760000,   0.72000,
,,,0.001426800000,   0.72000,
,,,0.001426840000,   0.80000,
,,,0.001426880000,   0.72000,
,,,0.001426920000,   0.80000,
,,,0.001426960000,   0.72000,
,,,0.001427000000,   0.72000,
,,,0.001427040000,   0.72000,
,,,0.001427080000,   0.72000,
,,,0.001427120000,   0.72000,
,,,0.001427160000,   0.72000,
,,,0.001427200000,   0.64000,
,,,0.001427240000,   0.64000,
,,,0.001427280000,   0.64000,
,,,0.001427320000,   0.64000,
,,,0.001427360000,   0.72000,
,,,0.001427400000,   0.72000,
,,,0.001427440000,   0.64000,
,,,0.001427480000,   0.64000,
,,,0.001427520000,   0.64000,
,,,0.001427560000,   0.64000,
,,,0.001427600000,   0.72000,
,,,0.001427640000,   0.72000,
,,,0.001427680000,   0.72000,
,,,0.001427720000,   0.64000,
,,,0.001427760000,   0.64000,
,,,0.001427800000,   0.72000,
,,,0.001427840000,   0.64000,
,,,0.001427880000,   0.64000,
,,,0.001427920000,   0.56000,
,,,0.001427960000,   0.64000,
,,,0.001428000000,   0.64000,
,,,0.001428040000,   0.56000,
,,,0.001428080000,   0.64000,
,,,0.001428120000,   0.64000,
,,,0.001428160000,   0.64000,
,,,0.001428200000,   0.64000,
,,,0.001428240000,   0.56000,
,,,0.001428280000,   0.56000,
,,,0.001428320000,   0.64000,
,,,0.001428360000,   0.56000,
,,,0.001428400000,   0.56000,
,,,0.001428440000,   0.56000,
,,,0.001428480000,   0.56000,
,,,0.001428520000,   0.56000,
,,,0.001428560000,   0.64000,
,,,0.001428600000,   0.64000,
,,,0.001428640000,   0.56000,
,,,0.001428680000,   0.56000,
,,,0.001428720000,   0.56000,
,,,0.001428760000,   0.64000,
,,,0.001428800000,   0.64000,
,,,0.001428840000,   0.48000,
,,,0.001428880000,   0.56000,
,,,0.001428920000,   0.56000,
,,,0.001428960000,   0.56000,
,,,0.001429000000,   0.48000,
,,,0.001429040000,   0.56000,
,,,0.001429080000,   0.48000,
,,,0.001429120000,   0.56000,
,,,0.001429160000,   0.48000,
,,,0.001429200000,   0.56000,
,,,0.001429240000,   0.48000,
,,,0.001429280000,   0.56000,
,,,0.001429320000,   0.48000,
,,,0.001429360000,   0.40000,
,,,0.001429400000,   0.48000,
,,,0.001429440000,   0.48000,
,,,0.001429480000,   0.40000,
,,,0.001429520000,   0.48000,
,,,0.001429560000,   0.48000,
,,,0.001429600000,   0.40000,
,,,0.001429640000,   0.48000,
,,,0.001429680000,   0.48000,
,,,0.001429720000,   0.40000,
,,,0.001429760000,   0.48000,
,,,0.001429800000,   0.40000,
,,,0.001429840000,   0.40000,
,,,0.001429880000,   0.40000,
,,,0.001429920000,   0.32000,
,,,0.001429960000,   0.32000,
,,,0.001430000000,   0.40000,
,,,0.001430040000,   0.40000,
,,,0.001430080000,   0.32000,
,,,0.001430120000,   0.40000,
,,,0.001430160000,   0.40000,
,,,0.001430200000,   0.32000,
,,,0.001430240000,   0.40000,
,,,0.001430280000,   0.24000,
,,,0.001430320000,   0.32000,
,,,0.001430360000,   0.32000,
,,,0.001430400000,   0.32000,
,,,0.001430440000,   0.24000,
,,,0.001430480000,   0.40000,
,,,0.001430520000,   0.32000,
,,,0.001430560000,   0.24000,
,,,0.001430600000,   0.32000,
,,,0.001430640000,   0.24000,
,,,0.001430680000,   0.24000,
,,,0.001430720000,   0.32000,
,,,0.001430760000,   0.24000,
,,,0.001430800000,   0.32000,
,,,0.001430840000,   0.24000,
,,,0.001430880000,   0.24000,
,,,0.001430920000,   0.24000,
,,,0.001430960000,   0.24000,
,,,0.001431000000,   0.16000,
,,,0.001431040000,   0.24000,
,,,0.001431080000,   0.24000,
,,,0.001431120000,   0.24000,
,,,0.001431160000,   0.16000,
,,,0.001431200000,   0.16000,
,,,0.001431240000,   0.24000,
,,,0.001431280000,   0.24000,
,,,0.001431320000,   0.16000,
,,,0.001431360000,   0.16000,
,,,0.001431400000,   0.16000,
,,,0.001431440000,   0.24000,
,,,0.001431480000,   0.16000,
,,,0.001431520000,   0.16000,
,,,0.001431560000,   0.16000,
,,,0.001431600000,   0.16000,
,,,0.001431640000,   0.16000,
,,,0.001431680000,   0.08000,
,,,0.001431720000,   0.16000,
,,,0.001431760000,   0.08000,
,,,0.001431800000,   0.08000,
,,,0.001431840000,   0.16000,
,,,0.001431880000,   0.08000,
,,,0.001431920000,   0.08000,
,,,0.001431960000,   0.08000,
,,,0.001432000000,   0.00000,
,,,0.001432040000,   0.08000,
,,,0.001432080000,   0.08000,
,,,0.001432120000,   0.08000,
,,,0.001432160000,   0.00000,
,,,0.001432200000,   0.08000,
,,,0.001432240000,   0.00000,
,,,0.001432280000,   0.00000,
,,,0.001432320000,   0.00000,
,,,0.001432360000,   0.08000,
,,,0.001432400000,   0.00000,
,,,0.001432440000,   0.08000,
,,,0.001432480000,   0.00000,
,,,0.001432520000,  -0.08000,
,,,0.001432560000,   0.08000,
,,,0.001432600000,  -0.08000,
,,,0.001432640000,   0.00000,
,,,0.001432680000,   0.00000,
,,,0.001432720000,  -0.08000,
,,,0.001432760000,   0.00000,
,,,0.001432800000,  -0.08000,
,,,0.001432840000,  -0.08000,
,,,0.001432880000,   0.00000,
,,,0.001432920000,  -0.08000,
,,,0.001432960000,  -0.08000,
,,,0.001433000000,  -0.08000,
,,,0.001433040000,  -0.16000,
,,,0.001433080000,   0.00000,
,,,0.001433120000,  -0.08000,
,,,0.001433160000,  -0.08000,
,,,0.001433200000,  -0.24000,
,,,0.001433240000,  -0.08000,
,,,0.001433280000,  -0.16000,
,,,0.001433320000,  -0.16000,
,,,0.001433360000,  -0.08000,
,,,0.001433400000,  -0.08000,
,,,0.001433440000,  -0.16000,
,,,0.001433480000,  -0.16000,
,,,0.001433520000,  -0.16000,
,,,0.001433560000,  -0.16000,
,,,0.001433600000,  -0.24000,
,,,0.001433640000,  -0.16000,
,,,0.001433680000,  -0.24000,
,,,0.001433720000,  -0.16000,
,,,0.001433760000,  -0.24000,
,,,0.001433800000,  -0.16000,
,,,0.001433840000,  -0.24000,
,,,0.001433880000,  -0.24000,
,,,0.001433920000,  -0.24000,
,,,0.001433960000,  -0.32000,
,,,0.001434000000,  -0.24000,
,,,0.001434040000,  -0.24000,
,,,0.001434080000,  -0.16000,
,,,0.001434120000,  -0.24000,
,,,0.001434160000,  -0.24000,
,,,0.001434200000,  -0.24000,
,,,0.001434240000,  -0.32000,
,,,0.001434280000,  -0.32000,
,,,0.001434320000,  -0.32000,
,,,0.001434360000,  -0.24000,
,,,0.001434400000,  -0.32000,
,,,0.001434440000,  -0.32000,
,,,0.001434480000,  -0.32000,
,,,0.001434520000,  -0.32000,
,,,0.001434560000,  -0.24000,
,,,0.001434600000,  -0.32000,
,,,0.001434640000,  -0.32000,
,,,0.001434680000,  -0.32000,
,,,0.001434720000,  -0.32000,
,,,0.001434760000,  -0.32000,
,,,0.001434800000,  -0.40000,
,,,0.001434840000,  -0.40000,
,,,0.001434880000,  -0.40000,
,,,0.001434920000,  -0.40000,
,,,0.001434960000,  -0.40000,
,,,0.001435000000,  -0.40000,
,,,0.001435040000,  -0.40000,
,,,0.001435080000,  -0.40000,
,,,0.001435120000,  -0.40000,
,,,0.001435160000,  -0.32000,
,,,0.001435200000,  -0.40000,
,,,0.001435240000,  -0.40000,
,,,0.001435280000,  -0.40000,
,,,0.001435320000,  -0.48000,
,,,0.001435360000,  -0.48000,
,,,0.001435400000,  -0.40000,
,,,0.001435440000,  -0.40000,
,,,0.001435480000,  -0.48000,
,,,0.001435520000,  -0.40000,
,,,0.001435560000,  -0.40000,
,,,0.001435600000,  -0.48000,
,,,0.001435640000,  -0.48000,
,,,0.001435680000,  -0.48000,
,,,0.001435720000,  -0.48000,
,,,0.001435760000,  -0.48000,
,,,0.001435800000,  -0.48000,
,,,0.001435840000,  -0.48000,
,,,0.001435880000,  -0.56000,
,,,0.001435920000,  -0.56000,
,,,0.001435960000,  -0.56000,
,,,0.001436000000,  -0.56000,
,,,0.001436040000,  -0.56000,
,,,0.001436080000,  -0.56000,
,,,0.001436120000,  -0.56000,
,,,0.001436160000,  -0.56000,
,,,0.001436200000,  -0.56000,
,,,0.001436240000,  -0.48000,
,,,0.001436280000,  -0.56000,
,,,0.001436320000,  -0.56000,
,,,0.001436360000,  -0.48000,
,,,0.001436400000,  -0.56000,
,,,0.001436440000,  -0.56000,
,,,0.001436480000,  -0.56000,
,,,0.001436520000,  -0.56000,
,,,0.001436560000,  -0.64000,
,,,0.001436600000,  -0.56000,
,,,0.001436640000,  -0.56000,
,,,0.001436680000,  -0.56000,
,,,0.001436720000,  -0.56000,
,,,0.001436760000,  -0.56000,
,,,0.001436800000,  -0.56000,
,,,0.001436840000,  -0.64000,
,,,0.001436880000,  -0.56000,
,,,0.001436920000,  -0.64000,
,,,0.001436960000,  -0.64000,
,,,0.001437000000,  -0.72000,
,,,0.001437040000,  -0.56000,
,,,0.001437080000,  -0.64000,
,,,0.001437120000,  -0.64000,
,,,0.001437160000,  -0.64000,
,,,0.001437200000,  -0.64000,
,,,0.001437240000,  -0.64000,
,,,0.001437280000,  -0.72000,
,,,0.001437320000,  -0.64000,
,,,0.001437360000,  -0.64000,
,,,0.001437400000,  -0.64000,
,,,0.001437440000,  -0.72000,
,,,0.001437480000,  -0.72000,
,,,0.001437520000,  -0.64000,
,,,0.001437560000,  -0.64000,
,,,0.001437600000,  -0.64000,
,,,0.001437640000,  -0.64000,
,,,0.001437680000,  -0.72000,
,,,0.001437720000,  -0.64000,
,,,0.001437760000,  -0.72000,
,,,0.001437800000,  -0.72000,
,,,0.001437840000,  -0.64000,
,,,0.001437880000,  -0.72000,
,,,0.001437920000,  -0.72000,
,,,0.001437960000,  -0.64000,
,,,0.001438000000,  -0.72000,
,,,0.001438040000,  -0.64000,
,,,0.001438080000,  -0.72000,
,,,0.001438120000,  -0.80000,
,,,0.001438160000,  -0.72000,
,,,0.001438200000,  -0.72000,
,,,0.001438240000,  -0.72000,
,,,0.001438280000,  -0.80000,
,,,0.001438320000,  -0.72000,
,,,0.001438360000,  -0.80000,
,,,0.001438400000,  -0.72000,
,,,0.001438440000,  -0.80000,
,,,0.001438480000,  -0.80000,
,,,0.001438520000,  -0.80000,
,,,0.001438560000,  -0.80000,
,,,0.001438600000,  -0.72000,
,,,0.001438640000,  -0.72000,
,,,0.001438680000,  -0.80000,
,,,0.001438720000,  -0.72000,
,,,0.001438760000,  -0.80000,
,,,0.001438800000,  -0.88000,
,,,0.001438840000,  -0.80000,
,,,0.001438880000,  -0.72000,
,,,0.001438920000,  -0.72000,
,,,0.001438960000,  -0.72000,
,,,0.001439000000,  -0.80000,
,,,0.001439040000,  -0.80000,
,,,0.001439080000,  -0.80000,
,,,0.001439120000,  -0.72000,
,,,0.001439160000,  -0.80000,
,,,0.001439200000,  -0.80000,
,,,0.001439240000,  -0.72000,
,,,0.001439280000,  -0.88000,
,,,0.001439320000,  -0.80000,
,,,0.001439360000,  -0.80000,
,,,0.001439400000,  -0.72000,
,,,0.001439440000,  -0.80000,
,,,0.001439480000,  -0.80000,
,,,0.001439520000,  -0.80000,
,,,0.001439560000,  -0.80000,
,,,0.001439600000,  -0.80000,
,,,0.001439640000,  -0.72000,
,,,0.001439680000,  -0.72000,
,,,0.001439720000,  -0.80000,
,,,0.001439760000,  -0.80000,
,,,0.001439800000,  -0.80000,
,,,0.001439840000,  -0.88000,
,,,0.001439880000,  -0.88000,
,,,0.001439920000,  -0.80000,
,,,0.001439960000,  -0.80000,
,,,0.001440000000,  -0.80000,
,,,0.001440040000,  -0.88000,
,,,0.001440080000,  -0.72000,
,,,0.001440120000,  -0.80000,
,,,0.001440160000,  -0.80000,
,,,0.001440200000,  -0.80000,
,,,0.001440240000,  -0.88000,
,,,0.001440280000,  -0.96000,
,,,0.001440320000,  -0.80000,
,,,0.001440360000,  -0.88000,
,,,0.001440400000,  -0.80000,
,,,0.001440440000,  -0.80000,
,,,0.001440480000,  -0.80000,
,,,0.001440520000,  -0.88000,
,,,0.001440560000,  -0.80000,
,,,0.001440600000,  -0.88000,
,,,0.001440640000,  -0.88000,
,,,0.001440680000,  -0.80000,
,,,0.001440720000,  -0.88000,
,,,0.001440760000,  -0.88000,
,,,0.001440800000,  -0.88000,
,,,0.001440840000,  -0.80000,
,,,0.001440880000,  -0.80000,
,,,0.001440920000,  -0.88000,
,,,0.001440960000,  -0.88000,
,,,0.001441000000,  -0.80000,
,,,0.001441040000,  -0.88000,
,,,0.001441080000,  -0.88000,
,,,0.001441120000,  -0.88000,
,,,0.001441160000,  -0.88000,
,,,0.001441200000,  -0.80000,
,,,0.001441240000,  -0.88000,
,,,0.001441280000,  -0.80000,
,,,0.001441320000,  -0.80000,
,,,0.001441360000,  -0.96000,
,,,0.001441400000,  -0.88000,
,,,0.001441440000,  -0.88000,
,,,0.001441480000,  -0.88000,
,,,0.001441520000,  -0.88000,
,,,0.001441560000,  -0.88000,
,,,0.001441600000,  -0.88000,
,,,0.001441640000,  -0.80000,
,,,0.001441680000,  -0.88000,
,,,0.001441720000,  -0.80000,
,,,0.001441760000,  -0.88000,
,,,0.001441800000,  -0.88000,
,,,0.001441840000,  -0.80000,
,,,0.001441880000,  -0.80000,
,,,0.001441920000,  -0.80000,
,,,0.001441960000,  -0.80000,
,,,0.001442000000,  -0.80000,
,,,0.001442040000,  -0.88000,
,,,0.001442080000,  -0.88000,
,,,0.001442120000,  -0.80000,
,,,0.001442160000,  -0.88000,
,,,0.001442200000,  -0.88000,
,,,0.001442240000,  -0.80000,
,,,0.001442280000,  -0.80000,
,,,0.001442320000,  -0.80000,
,,,0.001442360000,  -0.80000,
,,,0.001442400000,  -0.88000,
,,,0.001442440000,  -0.88000,
,,,0.001442480000,  -0.80000,
,,,0.001442520000,  -0.80000,
,,,0.001442560000,  -0.80000,
,,,0.001442600000,  -0.80000,
,,,0.001442640000,  -0.80000,
,,,0.001442680000,  -0.80000,
,,,0.001442720000,  -0.80000,
,,,0.001442760000,  -0.80000,
